Date,Portfolio,Market_Excess,SMB,HML,RMW,CMA,RF,Portfolio_Excess
2013-01-03,-0.005065706,-0.0014,0.0014,0.0004,0.002,0.0023,2.5e-05,-0.005091
2013-01-04,0.00402379,0.0055,0.0019,0.0043,-0.0037,0.0027,2.5e-05,0.003999
2013-01-07,0.004420937,-0.0031,-0.0009,-0.0037,-0.0013,-0.0012,2.5e-05,0.004396
2013-01-08,-0.004659185,-0.0027,0.0004,-0.0007,-0.0012,0.0009,2.5e-05,-0.004684
2013-01-09,0.004636355,0.0034,0.0024,-0.0041,-0.0007,-0.0015,2.5e-05,0.004611
2013-01-10,0.00770915,0.0066,-0.0059,0.0051,-0.0015,0.0003,2.5e-05,0.007684
2013-01-11,0.003777133,0.0002,0.0004,-0.0045,0.0019,-0.0021,2.5e-05,0.003752
2013-01-14,-0.005627707,-0.0006,0.0003,-0.0008,-0.0008,0.0037,2.5e-05,-0.005653
2013-01-15,-0.005215916,0.0019,0.0028,0.0,-0.0005,0.0006,2.5e-05,-0.005241
2013-01-16,0.001091071,-0.0004,-0.0023,0.0023,-0.0006,-0.0003,2.5e-05,0.001066
2013-01-17,0.003075337,0.0061,0.0039,-0.0009,0.0015,-0.0002,2.5e-05,0.00305
2013-01-18,0.004265157,0.0029,0.0003,-0.0011,0.0018,0.0027,2.5e-05,0.00424
2013-01-22,0.003804994,0.0048,0.0022,0.0046,-0.0014,0.0011,2.5e-05,0.00378
2013-01-23,0.002830701,0.001,-0.0034,-0.0012,-0.0017,-0.0016,2.5e-05,0.002806
2013-01-24,-0.008521152,0.0009,0.0033,0.0005,-0.0002,0.0053,2.5e-05,-0.008546
2013-01-25,0.01000889,0.0059,-0.0006,-0.0028,-0.0014,-0.0016,2.5e-05,0.009984
2013-01-28,0.001777765,-0.0014,0.0035,0.0012,0.0002,-0.0005,2.5e-05,0.001753
2013-01-29,-0.004662569,0.0036,-0.0044,0.0036,-0.001,0.003,2.5e-05,-0.004688
2013-01-30,0.002188163,-0.0038,-0.0089,0.0012,-0.0007,0.0,2.5e-05,0.002163
2013-01-31,-0.005856452,-0.0008,0.0072,0.0019,-0.0021,0.001,2.5e-05,-0.005881
2013-02-01,0.003155945,0.0099,0.0008,0.0026,-0.0027,-0.0005,2.5e-05,0.003131
2013-02-04,-0.01687321,-0.0119,-0.001,-0.0015,0.0001,0.0002,2.5e-05,-0.016898
2013-02-05,0.01486033,0.0107,-0.0005,0.0018,-0.0002,-0.0011,2.5e-05,0.014835
2013-02-06,-0.0006220338,0.0015,0.003,0.0012,-0.0016,0.0004,2.5e-05,-0.000647
2013-02-07,0.001965954,-0.0015,-0.0008,0.0002,0.0017,-0.0004,2.5e-05,0.001941
2013-02-08,0.005145785,0.0058,0.0003,-0.0021,0.001,-0.0045,2.5e-05,0.005121
2013-02-11,-0.001552271,-0.0008,-0.0003,0.0039,-0.0019,0.0028,2.5e-05,-0.001577
2013-02-12,-0.001853304,0.0016,0.0026,0.0071,-0.0052,0.0045,2.5e-05,-0.001878
2013-02-13,0.009646717,0.0014,0.0008,-0.0002,-0.0005,-0.0006,2.5e-05,0.009622
2013-02-14,0.003145831,0.0011,0.0032,0.001,-0.0027,-0.002,2.5e-05,0.003121
2013-02-15,-0.004869084,-0.0011,0.0,-0.001,-0.0004,0.0013,2.5e-05,-0.004894
2013-02-19,0.01222407,0.0074,0.0025,0.0017,-0.0008,0.0034,2.5e-05,0.012199
2013-02-20,-0.01156877,-0.0136,-0.0061,-0.0064,0.0027,0.0011,2.5e-05,-0.011594
2013-02-21,-0.007921036,-0.0066,-0.0031,-0.0006,0.0009,0.0025,2.5e-05,-0.007946
2013-02-22,0.005121731,0.0094,0.0017,-0.0006,-0.0009,-0.0013,2.5e-05,0.005097
2013-02-25,-0.01517452,-0.0182,-0.0026,-0.0072,0.0065,-0.0039,2.5e-05,-0.0152
2013-02-26,0.004993339,0.0058,-0.0019,0.0002,-0.0002,0.0022,2.5e-05,0.004968
2013-02-27,0.00896211,0.0129,-0.0032,0.0016,-0.0021,0.0003,2.5e-05,0.008937
2013-02-28,-0.0004501449,-0.0005,0.001,-0.0016,0.0,0.0,2.5e-05,-0.000475
2013-03-01,0.001482887,0.0022,0.0011,-0.0033,-0.0012,0.0,2.5e-05,0.001458
2013-03-04,0.002568762,0.0047,-0.0041,0.001,-0.0039,0.0043,2.5e-05,0.002544
2013-03-05,0.008961964,0.01,0.002,-0.0017,0.0009,0.0,2.5e-05,0.008937
2013-03-06,-0.003239863,0.0018,0.0015,0.0047,-0.0019,0.0013,2.5e-05,-0.003265
2013-03-07,0.007240559,0.0027,0.0022,0.0042,-0.0015,-0.0002,2.5e-05,0.007216
2013-03-08,-0.001224697,0.0052,0.0038,-0.0015,-0.0002,0.0003,2.5e-05,-0.00125
2013-03-11,0.0008555874,0.003,-0.0028,0.0023,0.0005,0.0002,2.5e-05,0.000831
2013-03-12,-0.003169969,-0.0022,0.0004,-0.0013,0.0029,0.0007,2.5e-05,-0.003195
2013-03-13,-0.002720205,0.002,0.0023,0.0008,0.0012,0.0027,2.5e-05,-0.002745
2013-03-14,0.003091011,0.0058,0.0041,0.0039,-0.0003,-0.0001,2.5e-05,0.003066
2013-03-15,-0.005815793,-0.0019,0.0013,0.0043,0.0025,0.0,2.5e-05,-0.005841
2013-03-18,-0.003243481,-0.005,0.001,-0.0023,0.0038,-0.0004,2.5e-05,-0.003268
2013-03-19,-0.0009287575,-0.0024,-0.0006,0.0003,0.0009,0.0037,2.5e-05,-0.000954
2013-03-20,-0.001013755,0.0076,0.0022,0.0,-0.0029,0.0021,2.5e-05,-0.001039
2013-03-21,-0.006721412,-0.0085,0.0013,-0.0028,0.0001,0.0007,2.5e-05,-0.006746
2013-03-22,0.009343481,0.0062,-0.0052,-0.003,0.0011,-0.0015,2.5e-05,0.009318
2013-03-25,-0.005040939,-0.0029,0.003,0.0002,0.0014,-0.0003,2.5e-05,-0.005066
2013-03-26,0.005417466,0.0076,-0.0039,-0.0022,0.0007,-0.0004,2.5e-05,0.005392
2013-03-27,0.003339555,-0.0002,0.0012,-0.003,0.001,-0.001,2.5e-05,0.003315
2013-03-28,-0.003682278,0.0039,-0.0032,-0.003,-0.0025,0.0009,2.5e-05,-0.003707
2013-04-01,-0.001974428,-0.0057,-0.0092,0.0003,0.0006,0.0026,2.5e-05,-0.001999
2013-04-02,0.00526308,0.0033,-0.009,-0.0032,-0.0004,0.0003,2.5e-05,0.005238
2013-04-03,-0.005262946,-0.0116,-0.0042,-0.0019,0.005,-0.0012,2.5e-05,-0.005288
2013-04-04,0.006594268,0.0042,0.0025,0.0025,-0.0009,0.0027,2.5e-05,0.006569
2013-04-05,-0.001872687,-0.0041,0.0009,0.0035,-0.001,0.0024,2.5e-05,-0.001898
2013-04-08,0.000534014,0.007,0.0011,0.0028,-0.0031,0.0011,2.5e-05,0.000509
2013-04-09,0.005157219,0.0031,-0.0041,0.0019,-0.0001,-0.0039,2.5e-05,0.005132
2013-04-10,0.01603162,0.0128,0.0061,-0.001,-0.001,-0.0007,2.5e-05,0.016007
2013-04-11,0.0009947158,0.0035,-0.0017,-0.0015,0.0007,0.0048,2.5e-05,0.00097
2013-04-12,-0.003813566,-0.0028,-0.0018,-0.0046,0.0,0.0007,2.5e-05,-0.003839
2013-04-15,-0.0204981,-0.0248,-0.0149,-0.0028,0.0004,-0.0005,2.5e-05,-0.020523
2013-04-16,0.01155695,0.0147,0.0015,0.0007,-0.0037,-0.0006,2.5e-05,0.011532
2013-04-17,-0.01592646,-0.0146,-0.0035,-0.0055,0.0012,0.0028,2.5e-05,-0.015951
2013-04-18,-0.01152712,-0.0071,0.002,0.0002,0.0058,0.001,2.5e-05,-0.011552
2013-04-19,0.005210642,0.0097,0.0003,0.0012,-0.0038,0.0019,2.5e-05,0.005186
2013-04-22,0.009492634,0.0045,-0.0018,-0.0014,0.0031,-0.0029,2.5e-05,0.009468
2013-04-23,0.009366206,0.0111,0.0053,0.0063,-0.005,0.0025,2.5e-05,0.009341
2013-04-24,0.001380516,0.0006,0.0051,0.0121,-0.0003,-0.0027,2.5e-05,0.001356
2013-04-25,0.004715805,0.0049,0.0023,0.0001,-0.0005,-0.0007,2.5e-05,0.004691
2013-04-26,-0.00303919,-0.002,-0.0035,-0.0022,0.001,0.0009,2.5e-05,-0.003064
2013-04-29,0.006670737,0.0067,0.001,-0.0008,0.0021,-0.0032,2.5e-05,0.006646
2013-04-30,0.01131303,0.0029,0.0036,-0.0005,0.0019,-0.0029,2.5e-05,0.011288
2013-05-01,-0.01177441,-0.0108,-0.0146,-0.0027,-0.0007,-0.0011,2.5e-05,-0.011799
2013-05-02,0.01490535,0.0104,0.0055,0.0013,-0.0047,-0.0025,2.5e-05,0.01488
2013-05-03,0.004033925,0.0112,0.006,0.0016,-0.0017,-0.0026,2.5e-05,0.004009
2013-05-06,-0.0003606422,0.0023,0.0029,0.0084,-0.005,0.0007,2.5e-05,-0.000386
2013-05-07,0.001998591,0.0054,0.002,0.0014,0.0025,0.0029,2.5e-05,0.001974
2013-05-08,0.006063526,0.0044,-0.0017,0.0014,0.0005,-0.0014,2.5e-05,0.006039
2013-05-09,-0.001856539,-0.0031,0.0007,-0.0029,0.0003,-0.0017,2.5e-05,-0.001882
2013-05-10,-0.0006166267,0.0054,0.0041,-0.002,-0.0025,-0.0002,2.5e-05,-0.000642
2013-05-13,0.002909081,-0.0002,-0.0026,-0.0005,-0.0043,0.0007,2.5e-05,0.002884
2013-05-14,0.007871428,0.011,0.0017,0.003,-0.0025,0.0017,2.5e-05,0.007846
2013-05-15,-0.0004363605,0.0051,-0.0012,0.0027,-0.0008,0.0031,2.5e-05,-0.000461
2013-05-16,-0.002200926,-0.005,0.0017,-0.0027,0.0015,-0.0036,2.5e-05,-0.002226
2013-05-17,0.01127656,0.0104,0.0008,0.0038,0.0006,-0.0016,2.5e-05,0.011252
2013-05-20,0.000806727,-0.0006,0.0044,0.0049,0.0032,-0.0021,2.5e-05,0.000782
2013-05-21,0.0007386213,0.0016,-0.0007,-0.0008,0.002,0.0021,2.5e-05,0.000714
2013-05-22,-0.004579734,-0.0092,-0.0073,-0.0017,0.0022,0.0034,2.5e-05,-0.004605
2013-05-23,-0.004585753,-0.0019,0.0049,-0.001,0.0002,0.0008,2.5e-05,-0.004611
2013-05-24,-0.002950259,-0.0006,0.0015,0.0005,-0.0006,0.0,2.5e-05,-0.002975
2013-05-28,0.00549834,0.0077,0.0068,0.0022,-0.0016,-0.0018,2.5e-05,0.005473
2013-05-29,-0.007233407,-0.007,-0.0025,0.0058,-0.0023,-0.0029,2.5e-05,-0.007258
2013-05-30,0.009465121,0.005,0.0037,0.0048,-0.005,0.0001,2.5e-05,0.00944
2013-05-31,-0.01005131,-0.0131,0.0048,-0.0024,0.0018,-0.0013,2.5e-05,-0.010076
2013-06-03,0.002692874,0.0048,0.0017,-0.0011,0.0026,-0.0006,2.5e-05,0.002668
2013-06-04,-0.004786132,-0.0055,-0.0026,-0.0016,0.0036,-0.0003,2.5e-05,-0.004811
2013-06-05,-0.0109203,-0.0138,0.0003,-0.0026,0.0012,-0.0015,2.5e-05,-0.010945
2013-06-06,0.004287467,0.0089,0.0019,0.0026,-0.0046,0.0035,2.5e-05,0.004262
2013-06-07,0.01326132,0.013,-0.0045,0.0007,-0.0024,-0.0006,2.5e-05,0.013236
2013-06-10,0.006694071,0.0007,0.0066,0.0021,-0.0025,-0.0011,2.5e-05,0.006669
2013-06-11,-0.01097153,-0.0104,-0.0002,-0.0058,0.0039,0.0001,2.5e-05,-0.010997
2013-06-12,-0.00690978,-0.0082,0.0004,0.0003,0.0017,0.0015,2.5e-05,-0.006935
2013-06-13,0.0101401,0.0147,0.0014,0.0031,-0.0018,0.0028,2.5e-05,0.010115
2013-06-14,-0.008713877,-0.0059,-0.0028,-0.0056,0.002,-0.0003,2.5e-05,-0.008739
2013-06-17,0.01023172,0.0074,-0.0009,0.0002,-0.0023,-0.0039,2.5e-05,0.010207
2013-06-18,0.00812,0.008,0.0036,-0.0006,-0.0002,0.0003,2.5e-05,0.008095
2013-06-19,-0.01308475,-0.0128,0.0021,0.0011,-0.0004,-0.0029,2.5e-05,-0.01311
2013-06-20,-0.02180388,-0.0245,0.0002,0.0034,0.0006,-0.0013,2.5e-05,-0.021829
2013-06-21,0.002405608,0.0013,0.0018,-0.0008,-0.0023,0.001,2.5e-05,0.002381
2013-06-24,-0.008892605,-0.0119,0.0,-0.0066,0.0018,-0.0014,2.5e-05,-0.008918
2013-06-25,0.008910799,0.0096,0.0007,0.0086,-0.003,0.003,2.5e-05,0.008886
2013-06-26,0.008327169,0.0092,-0.0072,-0.0013,0.0004,0.0018,2.5e-05,0.008302
2013-06-27,0.00456032,0.0077,0.0085,0.0036,-0.0043,0.0024,2.5e-05,0.004535
2013-06-28,-0.001229305,-0.0033,0.0031,-0.0014,0.0021,-0.0032,2.5e-05,-0.001254
2013-07-01,0.005137131,0.0071,0.0073,-0.0014,-0.0035,0.0,2.5e-05,0.005112
2013-07-02,0.0004513168,-0.001,0.0003,0.0009,0.0006,-0.0009,2.5e-05,0.000426
2013-07-03,0.002058342,0.0011,0.0016,-0.0021,0.0017,-0.0006,2.5e-05,0.002033
2013-07-05,0.007103036,0.0111,0.0041,0.0045,-0.0035,0.0014,2.5e-05,0.007078
2013-07-08,0.007346952,0.0053,-0.0014,0.0005,0.002,0.001,2.5e-05,0.007322
2013-07-09,0.009395172,0.0074,0.0005,0.0026,-0.0001,0.0003,2.5e-05,0.00937
2013-07-10,0.001084121,0.0006,0.0029,-0.0041,-0.0012,-0.001,2.5e-05,0.001059
2013-07-11,0.01282888,0.0132,-0.0018,-0.0062,-0.0008,-0.0016,2.5e-05,0.012804
2013-07-12,0.00227848,0.0033,-0.0003,0.002,-0.0066,0.0005,2.5e-05,0.002253
2013-07-15,0.001783755,0.002,0.0055,0.0034,-0.0002,0.0007,2.5e-05,0.001759
2013-07-16,0.001696071,-0.0041,0.0004,0.0009,0.0016,0.0027,2.5e-05,0.001671
2013-07-17,0.001610107,0.003,-0.0004,0.0018,-0.0041,0.0004,2.5e-05,0.001585
2013-07-18,-0.001066872,0.0054,0.0014,0.0095,-0.0025,0.0021,2.5e-05,-0.001092
2013-07-19,-0.006885267,0.0009,-0.0011,0.0028,-0.0032,0.0047,2.5e-05,-0.00691
2013-07-22,0.002977262,0.0022,0.0011,0.0029,-0.0015,0.0009,2.5e-05,0.002952
2013-07-23,-0.002246163,-0.0015,0.0009,0.0028,-0.0006,0.0028,2.5e-05,-0.002271
2013-07-24,0.004956615,-0.0039,-0.0029,-0.0026,0.0064,-0.0008,2.5e-05,0.004932
2013-07-25,0.03254916,0.0042,0.0047,-0.0035,-0.005,-0.0027,2.5e-05,0.032524
2013-07-26,0.002941579,0.0002,-0.0065,-0.0021,0.0017,-0.002,2.5e-05,0.002917
2013-07-29,0.002969789,-0.0037,-0.0033,-0.0028,0.0031,-0.0016,2.5e-05,0.002945
2013-07-30,0.005528374,0.0012,0.0017,-0.0051,0.001,-0.0009,2.5e-05,0.005503
2013-07-31,-0.002960549,0.0009,0.002,0.0009,0.0002,-0.0006,2.5e-05,-0.002986
2013-08-01,0.00739802,0.014,0.0008,0.0005,-0.0024,-0.0016,2.5e-05,0.007373
2013-08-02,0.003581127,0.002,-0.0024,-0.0033,-0.0003,-0.0006,2.5e-05,0.003556
2013-08-05,0.000133734,-0.0007,0.005,-0.0017,-0.0002,-0.0009,2.5e-05,0.000109
2013-08-06,-0.006203132,-0.0068,-0.0035,-0.001,0.0038,-0.0005,2.5e-05,-0.006228
2013-08-07,0.0008935879,-0.0042,-0.0036,0.0002,0.0027,0.0006,2.5e-05,0.000869
2013-08-08,0.00407744,0.0047,-0.0001,-0.0001,-0.0003,0.0016,2.5e-05,0.004052
2013-08-09,-0.005994322,-0.0029,0.0013,-0.002,0.0019,-0.0018,2.5e-05,-0.006019
2013-08-12,0.0008617843,-0.0002,0.0056,-0.0022,0.0017,-0.0008,2.5e-05,0.000837
2013-08-13,-0.0005545453,0.002,-0.0028,-0.0005,0.0006,-0.0011,2.5e-05,-0.00058
2013-08-14,-0.003706401,-0.005,0.0015,0.0028,-0.0003,0.0002,2.5e-05,-0.003731
2013-08-15,-0.0100106,-0.0147,-0.0037,0.0029,-0.0002,0.0002,2.5e-05,-0.010036
2013-08-16,0.0006418653,-0.0026,0.0005,0.0009,-0.0017,-0.0013,2.5e-05,0.000617
2013-08-19,-0.002440314,-0.0062,-0.0026,-0.0075,0.006,-0.0033,2.5e-05,-0.002465
2013-08-20,0.0009886893,0.0053,0.0086,0.0013,-0.003,0.0009,2.5e-05,0.000964
2013-08-21,-0.005500221,-0.0059,-0.0007,-0.0046,-0.0009,-0.0031,2.5e-05,-0.005525
2013-08-22,0.008776979,0.0093,0.005,0.0005,-0.0033,-0.0019,2.5e-05,0.008752
2013-08-23,0.01703459,0.0038,-0.0026,-0.0014,0.0012,-0.0025,2.5e-05,0.01701
2013-08-26,-0.005850658,-0.0029,0.0047,-0.005,-0.0013,-0.0025,2.5e-05,-0.005876
2013-08-27,-0.01978692,-0.0175,-0.0074,-0.0032,0.007,0.0004,2.5e-05,-0.019812
2013-08-28,0.005269874,0.003,0.0011,0.0008,-0.0005,-0.0009,2.5e-05,0.005245
2013-08-29,0.003063804,0.0034,0.0074,-0.0041,-0.0034,-0.0024,2.5e-05,0.003039
2013-08-30,-0.002635385,-0.0047,-0.0114,-0.0022,0.0003,-0.001,2.5e-05,-0.00266
2013-09-03,-0.0008329922,0.0046,0.0006,0.001,-0.005,-0.0023,2.5e-05,-0.000858
2013-09-04,0.00648595,0.0083,-0.0001,-0.0015,-0.0017,0.0009,2.5e-05,0.006461
2013-09-05,0.0006680247,0.0019,0.002,0.0037,-0.0021,-0.0008,2.5e-05,0.000643
2013-09-06,0.005620806,0.0001,0.0001,0.0,-0.0017,-0.0009,2.5e-05,0.005596
2013-09-09,0.009250799,0.0109,0.0043,-0.0022,-0.0019,-0.0014,2.5e-05,0.009226
2013-09-10,0.005221167,0.008,0.0006,0.0022,-0.0012,0.0005,2.5e-05,0.005196
2013-09-11,0.0008991084,0.0028,-0.0024,0.0001,0.0022,0.0015,2.5e-05,0.000874
2013-09-12,-0.003234654,-0.0032,-0.0029,-0.0034,0.0015,-0.0015,2.5e-05,-0.00326
2013-09-13,-0.001911918,0.0029,0.0027,-0.0001,0.002,0.0024,2.5e-05,-0.001937
2013-09-16,-0.004943532,0.0049,-0.0038,0.004,0.0,0.0039,2.5e-05,-0.004969
2013-09-17,0.01373555,0.0054,0.0042,-0.0013,-0.0036,-0.0021,2.5e-05,0.013711
2013-09-18,0.01189811,0.011,-0.0023,-0.0045,0.0005,-0.0018,2.5e-05,0.011873
2013-09-19,0.001803931,-0.0013,0.001,-0.006,0.0012,-0.0029,2.5e-05,0.001779
2013-09-20,-0.003572561,-0.0063,0.0051,0.0018,-0.0009,-0.0017,2.5e-05,-0.003598
2013-09-23,-0.0007860179,-0.0045,0.0042,-0.0037,0.0063,-0.0023,2.5e-05,-0.000811
2013-09-24,-0.001703831,-0.0012,0.0049,0.0001,-0.0016,0.0,2.5e-05,-0.001729
2013-09-25,0.001068473,-0.0023,0.0011,0.0058,-0.0041,0.0002,2.5e-05,0.001043
2013-09-26,0.006989412,0.0042,0.0015,-0.0073,0.0019,-0.0032,2.5e-05,0.006964
2013-09-27,0.0004104233,-0.0039,-0.0001,-0.0006,0.0007,-0.0012,2.5e-05,0.000385
2013-09-30,-0.00830572,-0.0049,0.0051,0.0006,0.0017,0.0004,2.5e-05,-0.008331
2013-10-01,0.01060706,0.009,0.0038,-0.0013,-0.0008,-0.0022,2.5e-05,0.010582
2013-10-02,0.002345887,-0.001,-0.0033,-0.0008,-0.0009,-0.0008,2.5e-05,0.002321
2013-10-03,-0.01002138,-0.0088,-0.0017,0.002,0.0005,0.0023,2.5e-05,-0.010046
2013-10-04,0.009388259,0.0074,-0.0001,0.001,-0.0027,-0.0014,2.5e-05,0.009363
2013-10-07,-0.008000396,-0.0095,-0.0029,0.0,0.0012,0.0019,2.5e-05,-0.008025
2013-10-08,-0.01892018,-0.0135,-0.004,0.0076,0.0061,0.0054,2.5e-05,-0.018945
2013-10-09,0.0002187979,-0.0005,-0.0036,0.0062,0.0039,0.0034,2.5e-05,0.000194
2013-10-10,0.02291528,0.0223,0.0019,-0.0002,-0.0034,-0.0028,2.5e-05,0.02289
2013-10-11,0.008273418,0.0071,0.0076,0.0,0.0008,-0.001,2.5e-05,0.008248
2013-10-14,0.003294979,0.0044,0.0021,-0.0011,0.0009,-0.0014,2.5e-05,0.00327
2013-10-15,-0.004103429,-0.0073,-0.0018,0.0001,0.0025,-0.0014,2.5e-05,-0.004128
2013-10-16,0.01429847,0.0137,-0.003,0.0014,-0.0055,-0.001,2.5e-05,0.014273
2013-10-17,0.008011239,0.007,0.0012,0.0004,-0.0014,0.0007,2.5e-05,0.007986
2013-10-18,0.01619242,0.0073,0.0027,-0.0005,-0.0007,-0.0049,2.5e-05,0.016167
2013-10-21,0.004753928,-0.0002,-0.0011,0.0005,0.005,0.0003,2.5e-05,0.004729
2013-10-22,-0.001398054,0.005,-0.0029,0.0009,0.0022,0.0035,2.5e-05,-0.001423
2013-10-23,-0.008914996,-0.0051,0.0016,-0.0033,0.0059,0.0021,2.5e-05,-0.00894
2013-10-24,0.004120688,0.0042,0.0035,-0.003,0.0,-0.0016,2.5e-05,0.004096
2013-10-25,0.01602505,0.0033,-0.0034,0.0014,0.0016,0.0004,2.5e-05,0.016
2013-10-28,-0.002345029,0.0009,-0.0007,0.0002,0.0032,0.0017,2.5e-05,-0.00237
2013-10-29,0.001234933,0.0054,-0.0014,-0.0011,0.0013,0.0029,2.5e-05,0.00121
2013-10-30,0.0002630508,-0.0061,-0.0075,0.0049,0.0047,0.0006,2.5e-05,0.000238
2013-10-31,0.0001619161,-0.0034,-0.0011,-0.0043,0.0035,0.0015,2.5e-05,0.000137
2013-11-01,0.002329716,0.002,-0.0065,0.0022,0.002,0.0029,2.5e-05,0.002305
2013-11-04,0.0008250418,0.0047,0.0075,-0.0003,0.0008,-0.0004,2.5e-05,0.0008
2013-11-05,0.002857315,-0.0023,-0.0001,-0.0025,0.0021,-0.001,2.5e-05,0.002832
2013-11-06,0.01035068,0.0027,-0.0081,0.0039,0.0029,0.0017,2.5e-05,0.010326
2013-11-07,-0.01681783,-0.0146,-0.0033,0.0018,0.0014,0.0031,2.5e-05,-0.016843
2013-11-08,0.01429172,0.0145,0.0059,0.0041,-0.0053,-0.0006,2.5e-05,0.014267
2013-11-11,-0.002458529,0.0012,0.0005,-0.0013,-0.0002,-0.0003,2.5e-05,-0.002484
2013-11-12,-0.001874195,-0.0019,0.0034,-0.007,0.0058,0.0014,2.5e-05,-0.001899
2013-11-13,0.00973212,0.009,0.0006,-0.0012,-0.0041,-0.0021,2.5e-05,0.009707
2013-11-14,0.006935742,0.0043,-0.0057,0.0031,-0.0005,0.0002,2.5e-05,0.006911
2013-11-15,0.005064886,0.0043,0.0006,-0.0027,0.0005,-0.0004,2.5e-05,0.00504
2013-11-18,-0.008854093,-0.005,-0.0038,0.0045,0.0044,0.0029,2.5e-05,-0.008879
2013-11-19,0.001605212,-0.0027,-0.003,0.0026,0.0004,0.0,2.5e-05,0.00158
2013-11-20,-0.002402643,-0.0033,0.0026,0.0003,0.0,-0.0003,2.5e-05,-0.002428
2013-11-21,0.006644138,0.0097,0.0081,-0.0006,-0.0045,-0.0031,2.5e-05,0.006619
2013-11-22,0.002877754,0.005,-0.0009,0.0011,-0.0008,-0.0004,2.5e-05,0.002853
2013-11-25,-0.001736103,-0.0011,0.0017,0.0014,0.0004,0.0025,2.5e-05,-0.001761
2013-11-26,0.002620737,0.0018,0.008,-0.0048,-0.0033,-0.0039,2.5e-05,0.002596
2013-11-27,0.006940602,0.003,0.0034,-0.0006,0.001,0.0002,2.5e-05,0.006916
2013-11-29,0.004264352,-0.0002,0.0026,-0.0017,0.0,-0.0018,2.5e-05,0.004239
2013-12-02,-0.002447457,-0.0031,-0.0093,0.0016,-0.0004,0.0001,2.5e-05,-0.002472
2013-12-03,-0.0004799047,-0.0034,-0.0012,-0.0009,0.0018,-0.0003,2.5e-05,-0.000505
2013-12-04,0.006896927,-0.0007,-0.0022,0.0026,-0.0041,-0.0015,2.5e-05,0.006872
2013-12-05,-0.009170033,-0.0035,0.006,-0.0063,0.0002,-0.0043,2.5e-05,-0.009195
2013-12-06,0.006297875,0.0102,-0.0028,0.002,-0.0003,0.0045,2.5e-05,0.006273
2013-12-09,0.006438597,0.0017,-0.0041,0.0,-0.0003,0.0003,2.5e-05,0.006414
2013-12-10,0.0008839335,-0.0034,-0.0053,0.002,-0.0002,-0.0006,2.5e-05,0.000859
2013-12-11,-0.01368611,-0.0116,-0.0035,0.0005,0.0053,0.0011,2.5e-05,-0.013711
2013-12-12,0.003006745,-0.0023,0.0039,0.0025,-0.0028,-0.0007,2.5e-05,0.002982
2013-12-13,0.002294156,0.001,0.0023,-0.0001,-0.0028,0.0019,2.5e-05,0.002269
2013-12-16,0.007919576,0.0067,0.0057,-0.0014,0.0011,-0.0003,2.5e-05,0.007895
2013-12-17,-0.003372865,-0.0026,0.0015,-0.0016,-0.0012,-0.0014,2.5e-05,-0.003398
2013-12-18,0.01512117,0.0155,-0.0043,0.0003,-0.0005,0.0031,2.5e-05,0.015096
2013-12-19,-0.003707478,-0.001,-0.005,0.0016,-0.0002,0.0009,2.5e-05,-0.003732
2013-12-20,0.004614776,0.0069,0.0125,-0.003,-0.0024,-0.0041,2.5e-05,0.00459
2013-12-23,0.0114633,0.0062,0.0048,-0.0005,-0.002,-0.0015,2.5e-05,0.011438
2013-12-24,0.002804095,0.0034,0.0011,0.0011,-0.0003,0.0015,2.5e-05,0.002779
2013-12-26,0.005262762,0.0044,-0.0034,-0.0031,0.0019,0.0007,2.5e-05,0.005238
2013-12-27,-0.006944905,-0.0005,-0.0002,0.0023,0.0009,0.0024,2.5e-05,-0.00697
2013-12-30,-0.007320849,0.0,0.0003,-0.003,0.0014,0.0008,2.5e-05,-0.007346
2013-12-31,0.006714314,0.0044,-0.0016,0.0004,-0.0003,-0.0021,2.5e-05,0.006689
2014-01-02,-0.007237105,-0.0088,-0.0025,0.0011,-0.0031,0.0012,2.5e-05,-0.007262
2014-01-03,-0.002885185,0.0003,0.0041,0.0005,-0.0035,0.0014,2.5e-05,-0.00291
2014-01-06,0.003860093,-0.0034,-0.0055,0.0026,-0.0035,0.0006,2.5e-05,0.003835
2014-01-07,0.005447636,0.0068,0.0033,-0.0041,-0.0004,-0.0029,2.5e-05,0.005423
2014-01-08,-0.0001985439,0.0004,0.0001,-0.0011,-0.005,-0.0005,2.5e-05,-0.000224
2014-01-09,-0.007158893,0.0002,0.0016,-0.0038,-0.0057,-0.0041,2.5e-05,-0.007184
2014-01-10,0.0008746856,0.0027,0.0045,-0.0077,-0.0029,-0.0031,2.5e-05,0.00085
2014-01-13,-0.01441091,-0.0132,-0.001,0.001,-0.0009,0.0047,2.5e-05,-0.014436
2014-01-14,0.01282968,0.0115,0.0013,-0.0038,-0.0011,-0.0035,2.5e-05,0.012805
2014-01-15,0.01017136,0.0053,0.0021,0.0021,-0.0038,0.0,2.5e-05,0.010146
2014-01-16,-0.001988984,-0.0007,0.0023,-0.0068,-0.0002,-0.0027,2.5e-05,-0.002014
2014-01-17,-0.009218776,-0.0039,0.0002,0.0004,-0.0021,0.0003,2.5e-05,-0.009244
2014-01-21,0.004045439,0.003,0.0042,-0.0001,-0.0025,-0.0035,2.5e-05,0.00402
2014-01-22,-0.006321363,0.0015,0.0029,0.0021,-0.0017,-0.0017,2.5e-05,-0.006346
2014-01-23,-0.005888872,-0.0086,0.001,-0.005,0.0028,-0.0009,2.5e-05,-0.005914
2014-01-24,-0.02008494,-0.0219,-0.0039,0.0022,0.0032,0.0005,2.5e-05,-0.02011
2014-01-27,-0.00357393,-0.0065,-0.008,0.0046,0.0042,0.004,2.5e-05,-0.003599
2014-01-28,0.002224353,0.0073,0.0018,-0.0002,-0.0077,0.0016,2.5e-05,0.002199
2014-01-29,-0.01074621,-0.0107,-0.0035,0.0025,0.0016,0.0015,2.5e-05,-0.010771
2014-01-30,0.02294018,0.0122,0.0022,-0.0042,-0.0089,-0.0054,2.5e-05,0.022915
2014-01-31,-0.01279632,-0.0066,-0.0009,-0.0039,0.0026,-0.0018,2.5e-05,-0.012821
2014-02-03,-0.02439818,-0.0248,-0.0086,0.0032,0.002,0.0003,2.5e-05,-0.024423
2014-02-04,0.007895706,0.0077,-0.0007,-0.001,-0.0013,0.0022,2.5e-05,0.007871
2014-02-05,-0.002924568,-0.0023,-0.0057,0.002,0.0014,0.0022,2.5e-05,-0.00295
2014-02-06,0.01564516,0.0121,-0.0043,0.0023,0.0008,-0.0007,2.5e-05,0.01562
2014-02-07,0.01358208,0.0133,-0.0022,-0.0066,-0.0044,-0.0051,2.5e-05,0.013557
2014-02-10,0.001395487,0.0016,0.0007,-0.0044,-0.0026,-0.0018,2.5e-05,0.00137
2014-02-11,0.01387735,0.0109,-0.0018,0.0025,-0.0003,0.001,2.5e-05,0.013852
2014-02-12,-0.004046161,0.0011,0.0024,-0.0008,0.0013,0.0001,2.5e-05,-0.004071
2014-02-13,0.01332827,0.0072,0.0067,-0.0009,-0.0024,-0.0034,2.5e-05,0.013303
2014-02-14,0.003499358,0.0042,-0.0032,0.0038,0.0033,0.0038,2.5e-05,0.003474
2014-02-18,-0.001754964,0.0027,0.0095,-0.0024,-0.0036,-0.0027,2.5e-05,-0.00178
2014-02-19,-0.006300806,-0.0074,-0.0031,-0.004,0.0032,0.0003,2.5e-05,-0.006326
2014-02-20,0.006810942,0.007,0.0051,-0.0014,0.0001,-0.0018,2.5e-05,0.006786
2014-02-21,-0.005831654,-0.0009,0.0035,-0.0004,-0.0003,-0.0006,2.5e-05,-0.005857
2014-02-24,0.007196678,0.0065,0.002,0.0026,-0.0021,-0.0001,2.5e-05,0.007172
2014-02-25,-0.004171706,-0.001,0.0005,-0.0061,-0.0004,0.0008,2.5e-05,-0.004197
2014-02-26,-0.003289922,0.0012,0.0065,-0.0009,-0.0004,0.0003,2.5e-05,-0.003315
2014-02-27,0.004883828,0.0054,0.0011,0.0001,-0.0025,-0.0002,2.5e-05,0.004859
2014-02-28,0.001366432,0.0015,-0.0066,0.0083,0.0042,0.0009,2.5e-05,0.001341
2014-03-03,-0.008159806,-0.007,0.0009,0.0015,0.0004,0.0014,2.5e-05,-0.008185
2014-03-04,0.01492704,0.0167,0.0107,-0.0012,-0.0047,-0.0013,2.5e-05,0.014902
2014-03-05,0.005292409,0.0001,-0.0023,0.0028,-0.0057,-0.0016,2.5e-05,0.005267
2014-03-06,0.00227983,0.0016,-0.0024,0.0076,0.0031,0.0035,2.5e-05,0.002255
2014-03-07,0.0007668762,0.0004,-0.0002,0.0051,0.0009,0.0032,2.5e-05,0.000742
2014-03-10,0.002850977,-0.0009,-0.0008,0.0006,0.0005,-0.0013,2.5e-05,0.002826
2014-03-11,-0.006956376,-0.0062,-0.0054,-0.0019,0.0054,-0.0004,2.5e-05,-0.006981
2014-03-12,0.002391124,0.0013,0.0029,-0.0016,-0.0009,-0.0042,2.5e-05,0.002366
2014-03-13,-0.009548399,-0.0121,-0.0007,0.0027,0.0015,0.0004,2.5e-05,-0.009573
2014-03-14,-0.005086087,-0.0016,0.0068,-0.0005,0.0019,0.0007,2.5e-05,-0.005111
2014-03-17,0.0101867,0.009,-0.0035,-0.0001,0.0011,0.0003,2.5e-05,0.010162
2014-03-18,0.009858429,0.0082,0.0069,-0.0042,-0.0034,-0.0027,2.5e-05,0.009833
2014-03-19,-0.006741193,-0.0059,-0.0013,0.006,-0.004,0.0002,2.5e-05,-0.006766
2014-03-20,0.007979607,0.0052,-0.0036,0.0099,-0.0012,0.0032,2.5e-05,0.007955
2014-03-21,0.001527893,-0.0037,-0.0018,0.0088,0.0042,0.0046,2.5e-05,0.001503
2014-03-24,-0.003865033,-0.0064,-0.0079,0.0096,0.0059,0.0036,2.5e-05,-0.00389
2014-03-25,0.007741836,0.003,-0.0033,0.0014,0.0026,0.0014,2.5e-05,0.007717
2014-03-26,-0.01702063,-0.0089,-0.0111,0.003,0.007,0.0045,2.5e-05,-0.017046
2014-03-27,0.001845336,-0.0019,-0.0013,-0.0024,0.0007,0.0002,2.5e-05,0.00182
2014-03-28,0.003462713,0.0041,-0.0036,0.0052,0.0056,0.0031,2.5e-05,0.003438
2014-03-31,0.003833798,0.0097,0.0099,-0.0016,-0.0018,0.0003,2.5e-05,0.003809
2014-04-01,0.008391789,0.0087,0.0066,-0.0041,-0.0011,-0.0028,2.5e-05,0.008367
2014-04-02,0.002386632,0.0029,0.0004,0.0012,0.001,0.0004,2.5e-05,0.002362
2014-04-03,-0.008146129,-0.0031,-0.0078,0.0078,0.0053,0.0039,2.5e-05,-0.008171
2014-04-04,-0.01634239,-0.0147,-0.0103,0.0074,0.0062,0.0047,2.5e-05,-0.016367
2014-04-07,-0.007029015,-0.0126,-0.0036,-0.0002,0.0018,0.0006,2.5e-05,-0.007054
2014-04-08,0.006735198,0.005,0.0029,-0.0022,0.0007,-0.0012,2.5e-05,0.00671
2014-04-09,0.01436733,0.012,0.0024,-0.0093,-0.0042,-0.0054,2.5e-05,0.014342
2014-04-10,-0.02297681,-0.0224,-0.0061,0.0086,0.0082,0.0076,2.5e-05,-0.023002
2014-04-11,-0.008465714,-0.0107,-0.0041,0.0029,0.004,0.0004,2.5e-05,-0.008491
2014-04-14,0.005195565,0.007,-0.0047,0.0021,0.0033,-0.0017,2.5e-05,0.005171
2014-04-15,0.005706008,0.0059,-0.0036,0.0017,-0.0013,-0.0016,2.5e-05,0.005681
2014-04-16,0.01034479,0.0113,-0.0001,-0.0044,-0.0002,-0.001,2.5e-05,0.01032
2014-04-17,0.001544443,0.0023,0.0032,0.0025,-0.0013,0.0017,2.5e-05,0.001519
2014-04-21,0.009035129,0.0036,0.0018,-0.0043,0.001,-0.0007,2.5e-05,0.00901
2014-04-22,0.00480246,0.0058,0.0069,-0.0037,-0.0064,-0.0008,2.5e-05,0.004777
2014-04-23,-0.01102648,-0.0031,-0.0054,0.0089,0.002,0.0023,2.5e-05,-0.011051
2014-04-24,0.01128011,0.0008,-0.0042,-0.0017,0.0017,-0.002,2.5e-05,0.011255
2014-04-25,-0.01595156,-0.0105,-0.0088,0.0061,0.0076,0.0065,2.5e-05,-0.015977
2014-04-28,0.006102238,0.0011,-0.0066,-0.0054,0.012,0.0002,2.5e-05,0.006077
2014-04-29,0.006276841,0.0056,-0.0024,-0.0022,-0.0052,-0.0018,2.5e-05,0.006252
2014-04-30,0.006297651,0.0035,0.0023,-0.0003,0.0009,0.0006,2.5e-05,0.006273
2014-05-01,-0.00022239,0.0004,-0.0016,-0.0018,-0.0043,-0.002,2.5e-05,-0.000247
2014-05-02,-0.003052473,-0.0007,0.0028,0.0033,0.0034,0.0014,2.5e-05,-0.003077
2014-05-05,0.001998437,0.0013,-0.0037,-0.0052,0.0017,-0.0028,2.5e-05,0.001973
2014-05-06,-0.0167525,-0.0103,-0.0049,0.0017,0.0083,0.0013,2.5e-05,-0.016777
2014-05-07,0.002532316,0.0045,-0.0076,0.0117,-0.0002,0.0056,2.5e-05,0.002507
2014-05-08,0.002327906,-0.0026,-0.0096,0.0034,0.0014,0.0026,2.5e-05,0.002303
2014-05-09,0.001832835,0.0025,0.0063,-0.0039,-0.0014,-0.0007,2.5e-05,0.001808
2014-05-12,0.01505414,0.012,0.0136,-0.003,-0.0048,-0.0032,2.5e-05,0.015029
2014-05-13,0.002669465,-0.0005,-0.0104,0.0018,0.0002,-0.0001,2.5e-05,0.002644
2014-05-14,-0.004995961,-0.006,-0.0112,-0.0043,0.0021,-0.0022,2.5e-05,-0.005021
2014-05-15,-0.009920002,-0.009,0.0033,-0.0027,0.0023,-0.0006,2.5e-05,-0.009945
2014-05-16,0.003802776,0.0036,0.0022,-0.004,0.0023,-0.0015,2.5e-05,0.003778
2014-05-19,0.002976293,0.005,0.0064,0.0,-0.0028,-0.0007,2.5e-05,0.002951
2014-05-20,-0.004594822,-0.0078,-0.0078,0.0023,0.0014,-0.0011,2.5e-05,-0.00462
2014-05-21,0.01063896,0.0081,-0.0026,0.0005,0.0005,-0.0013,2.5e-05,0.010614
2014-05-22,0.0008174663,0.0036,0.0061,-0.0027,-0.0053,-0.0023,2.5e-05,0.000792
2014-05-23,0.005101286,0.0049,0.006,-0.0024,-0.0008,-0.0003,2.5e-05,0.005076
2014-05-27,0.006632046,0.0069,0.0067,-0.0019,-0.0055,-0.003,2.5e-05,0.006607
2014-05-28,-0.0004484229,-0.0011,-0.0027,0.0027,0.0009,0.0014,2.5e-05,-0.000473
2014-05-29,0.006569757,0.0054,-0.0022,-0.0012,-0.0001,-0.0022,2.5e-05,0.006545
2014-05-30,-1.961976e-06,0.0006,-0.0064,0.0028,0.0034,0.001,2.5e-05,-2.7e-05
2014-06-02,-0.003118214,0.0006,-0.0065,0.004,0.0017,0.0017,2.5e-05,-0.003143
2014-06-03,-0.0003547739,-0.0005,-0.0024,0.0018,0.0008,-0.0016,2.5e-05,-0.00038
2014-06-04,0.0005759591,0.0028,0.0023,-0.0009,-0.0018,-0.0019,2.5e-05,0.000551
2014-06-05,0.01283227,0.0077,0.0128,-0.0018,-0.0018,-0.001,2.5e-05,0.012807
2014-06-06,0.004536665,0.0054,0.0049,-0.0001,-0.0013,-0.0009,2.5e-05,0.004512
2014-06-09,0.003024006,0.0022,0.01,-0.0031,-0.0042,-0.0005,2.5e-05,0.002999
2014-06-10,0.00846078,-0.0003,-0.0019,-0.0004,-0.0032,0.0008,2.5e-05,0.008436
2014-06-11,-0.003158234,-0.0034,-0.0016,-0.0028,-0.001,-0.0016,2.5e-05,-0.003183
2014-06-12,-0.0105418,-0.0068,0.0011,0.0017,-0.0022,-0.0003,2.5e-05,-0.010567
2014-06-13,0.003099169,0.0031,-0.0006,-0.0019,0.0008,-0.0013,2.5e-05,0.003074
2014-06-16,0.0005850012,0.0013,0.0041,-0.0067,-0.0006,-0.003,2.5e-05,0.00056
2014-06-17,0.0003276019,0.0034,0.0056,0.0045,-0.0055,0.0006,2.5e-05,0.000303
2014-06-18,0.00774625,0.0075,-0.0026,-0.0009,0.0003,-0.0017,2.5e-05,0.007721
2014-06-19,-0.003707874,0.0012,-0.0015,-0.0004,0.0013,-0.0009,2.5e-05,-0.003733
2014-06-20,0.002236805,0.0018,0.0021,0.0004,0.0003,0.0001,2.5e-05,0.002212
2014-06-23,0.003349815,-0.0001,-0.0022,0.0008,-0.0006,-0.0018,2.5e-05,0.003325
2014-06-24,-0.005885612,-0.0072,-0.0036,-0.0021,0.0004,0.0002,2.5e-05,-0.005911
2014-06-25,0.004930305,0.0053,0.0033,0.0007,-0.0017,-0.0022,2.5e-05,0.004905
2014-06-26,-0.002312495,-0.0011,-0.0008,0.0005,0.0009,-0.0006,2.5e-05,-0.002337
2014-06-27,0.002875852,0.0026,0.0048,-0.0022,0.0015,-0.0014,2.5e-05,0.002851
2014-06-30,-0.002323492,0.0007,0.0027,0.0019,-0.0024,-0.0016,2.5e-05,-0.002348
2014-07-01,0.008675371,0.0074,0.0042,-0.0037,0.0004,-0.0011,2.5e-05,0.00865
2014-07-02,-0.001901979,-0.0003,-0.0045,-0.0021,0.0015,0.0022,2.5e-05,-0.001927
2014-07-03,0.004053332,0.0059,0.0021,0.0008,0.0004,0.0023,2.5e-05,0.004028
2014-07-07,0.0003587766,-0.0062,-0.012,0.0038,0.0074,0.0028,2.5e-05,0.000334
2014-07-08,-0.01277411,-0.0082,-0.0055,0.0071,0.0086,0.0045,2.5e-05,-0.012799
2014-07-09,0.00748331,0.0046,-0.004,-0.0011,-0.0003,-0.0009,2.5e-05,0.007458
2014-07-10,-0.003781793,-0.0049,-0.006,0.0002,0.0008,0.0008,2.5e-05,-0.003807
2014-07-11,0.01050497,0.0012,-0.003,-0.0039,-0.0039,-0.0015,2.5e-05,0.01048
2014-07-14,0.01017646,0.0046,-0.0001,-0.0013,-0.0002,-0.0016,2.5e-05,0.010151
2014-07-15,0.0003952493,-0.0032,-0.0082,0.0098,0.0022,0.0037,2.5e-05,0.00037
2014-07-16,0.008457258,0.0032,-0.0058,0.0032,0.002,0.0019,2.5e-05,0.008432
2014-07-17,-0.01212588,-0.0121,-0.0036,0.0018,0.0035,0.0018,2.5e-05,-0.012151
2014-07-18,0.009874385,0.0112,0.0045,-0.0047,-0.0025,-0.0032,2.5e-05,0.009849
2014-07-21,-0.00111295,-0.0025,-0.0023,0.0005,-0.0033,-0.003,2.5e-05,-0.001138
2014-07-22,0.003765342,0.0053,0.0026,-0.0032,0.0015,-0.0017,2.5e-05,0.00374
2014-07-23,0.005833397,0.0019,0.0009,-0.0075,-0.0021,0.0,2.5e-05,0.005808
2014-07-24,0.003865067,0.0005,-0.0027,0.0004,-0.002,-0.0003,2.5e-05,0.00384
2014-07-25,-0.01151382,-0.0053,-0.0036,0.0016,0.0011,0.0003,2.5e-05,-0.011539
2014-07-28,-0.0003184295,-0.0008,-0.0045,0.0028,0.0002,0.0,2.5e-05,-0.000343
2014-07-29,-0.002603795,-0.0033,0.0063,-0.0067,-0.0016,-0.0014,2.5e-05,-0.002629
2014-07-30,0.00198047,0.0012,0.0035,-0.0029,-0.007,-0.0033,2.5e-05,0.001955
2014-07-31,-0.02411145,-0.0203,-0.0017,0.0046,0.0036,0.0029,2.5e-05,-0.024136
2014-08-01,-0.005293918,-0.0032,-0.0025,-0.0006,0.0008,0.0014,2.5e-05,-0.005319
2014-08-04,0.007025975,0.0074,0.0004,-0.0022,-0.0011,-0.0043,2.5e-05,0.007001
2014-08-05,-0.008871815,-0.0084,0.0071,-0.0019,-0.0016,0.0002,2.5e-05,-0.008897
2014-08-06,0.001683034,0.0002,0.0038,0.0018,-0.0007,0.0026,2.5e-05,0.001658
2014-08-07,-0.001872104,-0.0052,-0.0006,-0.0014,0.0002,-0.0003,2.5e-05,-0.001897
2014-08-08,0.007307251,0.0112,-0.0014,-0.0018,0.0035,0.0015,2.5e-05,0.007282
2014-08-11,0.002832962,0.004,0.0057,-0.0029,-0.0009,-0.0027,2.5e-05,0.002808
2014-08-12,-0.0007980236,-0.0023,-0.0058,0.0025,0.0002,0.0002,2.5e-05,-0.000823
2014-08-13,0.01050293,0.0069,-0.0014,-0.0024,-0.004,-0.0021,2.5e-05,0.010478
2014-08-14,0.005669094,0.0044,-0.0026,0.0004,-0.0021,0.0,2.5e-05,0.005644
2014-08-15,-0.002022786,0.0,-0.0014,-0.0015,0.0025,-0.0021,2.5e-05,-0.002048
2014-08-18,0.008625875,0.0093,0.0058,-0.0019,-0.0002,0.0002,2.5e-05,0.008601
2014-08-19,0.004274495,0.0049,-0.0011,-0.001,0.0026,-0.0012,2.5e-05,0.004249
2014-08-20,0.0007620277,0.0019,-0.0064,0.0027,0.0006,0.0028,2.5e-05,0.000737
2014-08-21,0.002266082,0.0028,-0.0008,0.0082,-0.0012,0.0025,2.5e-05,0.002241
2014-08-22,-0.002731917,-0.001,0.0027,-0.0039,-0.0003,-0.0018,2.5e-05,-0.002757
2014-08-25,0.004056683,0.005,-0.0021,0.0004,-0.0002,-0.001,2.5e-05,0.004032
2014-08-26,0.004023817,0.0019,0.0068,-0.0033,-0.0035,-0.0018,2.5e-05,0.003999
2014-08-27,0.0001931951,0.0,-0.0022,0.0015,0.0014,0.001,2.5e-05,0.000168
2014-08-28,-0.003604225,-0.0019,-0.0039,0.0009,0.0023,0.0001,2.5e-05,-0.003629
2014-08-29,0.004596516,0.0039,0.0028,0.001,-0.003,-0.0015,2.5e-05,0.004572
2014-09-02,0.001886242,0.0006,0.0042,-0.0009,-0.0012,-0.0023,2.5e-05,0.001861
2014-09-03,-0.00530881,-0.0014,-0.005,0.0023,0.0001,0.0042,2.5e-05,-0.005334
2014-09-04,0.00148525,-0.0017,-0.0016,-0.0015,0.0013,0.0001,2.5e-05,0.00146
2014-09-05,0.007889283,0.0045,-0.0027,-0.0006,0.0013,0.0,2.5e-05,0.007864
2014-09-08,-0.002345795,-0.0022,0.0047,-0.0044,-0.0039,-0.0025,2.5e-05,-0.002371
2014-09-09,-0.009667506,-0.0072,-0.0042,-0.0002,0.0031,0.0014,2.5e-05,-0.009693
2014-09-10,0.006492758,0.0045,0.0015,-0.0039,-0.0032,-0.0019,2.5e-05,0.006468
2014-09-11,0.002864102,0.0019,0.0049,0.0021,-0.0026,0.0002,2.5e-05,0.002839
2014-09-12,-0.00351328,-0.0055,-0.002,0.0014,-0.0007,0.0012,2.5e-05,-0.003538
2014-09-15,-0.006334713,-0.0028,-0.0093,0.0065,0.0046,0.007,2.5e-05,-0.00636
2014-09-16,0.008684924,0.007,-0.0039,-0.0013,0.0019,-0.0017,2.5e-05,0.00866
2014-09-17,0.0004551357,0.0017,0.0008,-0.002,-0.0025,-0.0019,2.5e-05,0.00043
2014-09-18,0.005446658,0.005,0.0,0.0003,-0.0013,-0.0003,2.5e-05,0.005422
2014-09-19,0.006754489,-0.0018,-0.0096,0.0005,0.002,-0.0004,2.5e-05,0.006729
2014-09-22,-0.006769628,-0.0097,-0.0055,0.0013,0.0045,0.002,2.5e-05,-0.006795
2014-09-23,0.0004427219,-0.0062,-0.0031,-0.0005,0.0,-0.0026,2.5e-05,0.000418
2014-09-24,0.004496788,0.0081,0.0003,-0.0092,0.0003,-0.0044,2.5e-05,0.004472
2014-09-25,-0.01938139,-0.0162,0.0013,0.0015,0.0029,0.0026,2.5e-05,-0.019406
2014-09-26,0.00999329,0.0085,-0.0007,-0.0027,0.0005,-0.0049,2.5e-05,0.009968
2014-09-29,-0.004050829,-0.0022,0.0019,-0.0044,0.0014,-0.0027,2.5e-05,-0.004076
2014-09-30,0.001134269,-0.004,-0.0101,0.0014,0.0003,-0.0001,2.5e-05,0.001109
2014-10-01,-0.01558808,-0.0139,-0.0013,0.0033,0.0018,-0.0005,2.5e-05,-0.015613
2014-10-02,0.0004798358,0.0015,0.0097,-0.0038,-0.0032,-0.003,2.5e-05,0.000455
2014-10-03,0.009862252,0.0108,-0.0039,-0.0041,-0.001,-0.0011,2.5e-05,0.009837
2014-10-06,-0.0001892746,-0.0026,-0.0077,0.0039,0.003,0.0017,2.5e-05,-0.000214
2014-10-07,-0.01389633,-0.0156,-0.0012,0.0012,0.0025,0.0004,2.5e-05,-0.013921
2014-10-08,0.01834485,0.017,-0.0002,-0.0006,-0.0008,-0.0005,2.5e-05,0.01832
2014-10-09,-0.01911716,-0.0217,-0.0047,-0.004,0.0036,-0.0013,2.5e-05,-0.019142
2014-10-10,-0.01636865,-0.013,-0.0008,0.0055,0.0073,0.0034,2.5e-05,-0.016394
2014-10-13,-0.01039587,-0.0159,0.0129,0.005,-0.0042,0.0022,2.5e-05,-0.010421
2014-10-14,-0.001671794,0.0028,0.0081,-0.0012,-0.0006,0.0009,2.5e-05,-0.001697
2014-10-15,-0.006889904,-0.0053,0.0166,-0.0131,-0.0045,-0.0059,2.5e-05,-0.006915
2014-10-16,-0.007643856,0.0023,0.011,0.0017,-0.0033,0.0012,2.5e-05,-0.007669
2014-10-17,0.01858319,0.0114,-0.0155,-0.001,0.001,0.0027,2.5e-05,0.018558
2014-10-20,0.009614365,0.0094,0.0013,-0.0033,0.0009,-0.0034,2.5e-05,0.009589
2014-10-21,0.01994921,0.0198,-0.0041,0.0002,0.0003,-0.0013,2.5e-05,0.019924
2014-10-22,-0.004063111,-0.0085,-0.0055,0.0021,0.0009,0.0019,2.5e-05,-0.004088
2014-10-23,0.00832384,0.0129,0.0044,-0.0046,-0.0031,-0.0005,2.5e-05,0.008299
2014-10-24,-0.001381484,0.0066,-0.005,-0.0011,-0.0025,0.0011,2.5e-05,-0.001406
2014-10-27,0.0001168361,-0.0017,0.0007,-0.0026,0.0008,-0.0001,2.5e-05,9.2e-05
2014-10-28,0.01253517,0.0137,0.0156,-0.0001,-0.0041,-0.0018,2.5e-05,0.01251
2014-10-29,-0.00750273,-0.0018,0.0004,0.0044,0.0018,0.0031,2.5e-05,-0.007528
2014-10-30,-0.0004449797,0.006,0.0022,-0.0048,-0.0039,0.0008,2.5e-05,-0.00047
2014-10-31,0.01405891,0.0123,0.0032,0.0019,0.0019,0.0,2.5e-05,0.014034
2014-11-03,-0.0006846009,-0.0001,-0.0029,-0.0006,0.0001,0.0013,2.5e-05,-0.00071
2014-11-04,0.0002887911,-0.0035,-0.0006,-0.0011,0.0006,0.0004,2.5e-05,0.000264
2014-11-05,0.0007162506,0.0048,-0.0041,0.0086,0.0035,0.0078,2.5e-05,0.000691
2014-11-06,0.006368963,0.0049,0.0006,-0.0048,0.0019,-0.0029,2.5e-05,0.006344
2014-11-07,0.003593827,0.0009,0.0003,0.0044,-0.0018,0.0004,2.5e-05,0.003569
2014-11-10,0.00339174,0.0033,0.0014,-0.005,-0.0032,-0.0041,2.5e-05,0.003367
2014-11-11,0.001573887,0.001,0.0001,-0.0029,0.0016,-0.0027,2.5e-05,0.001549
2014-11-12,7.364268e-05,0.0007,0.0072,-0.0028,0.0016,0.0007,2.5e-05,4.9e-05
2014-11-13,0.003655329,-0.0003,-0.0092,-0.0033,0.0051,0.0002,2.5e-05,0.00363
2014-11-14,0.006939337,0.0006,-0.0013,0.0014,0.0001,-0.0011,2.5e-05,0.006914
2014-11-17,-0.002193639,-0.0005,-0.0094,0.0027,0.0005,0.0024,2.5e-05,-0.002219
2014-11-18,0.00311872,0.0051,-0.0001,-0.0036,-0.0016,-0.0001,2.5e-05,0.003094
2014-11-19,-0.003449465,-0.0021,-0.0087,-0.0006,0.0041,0.0008,2.5e-05,-0.003474
2014-11-20,0.002665118,0.0031,0.0087,-0.0002,-0.0004,-0.0003,2.5e-05,0.00264
2014-11-21,0.002169163,0.0048,-0.0037,-0.0009,-0.0005,0.0003,2.5e-05,0.002144
2014-11-24,-0.0005539926,0.004,0.0091,-0.0057,-0.0018,-0.0007,2.5e-05,-0.000579
2014-11-25,-0.001684584,-0.0008,0.0006,-0.0004,0.0012,0.0016,2.5e-05,-0.00171
2014-11-26,0.005697983,0.003,0.0003,-0.0045,-0.0015,-0.0019,2.5e-05,0.005673
2014-11-28,-0.002790253,-0.0035,-0.0102,-0.0102,0.0048,-0.0004,2.5e-05,-0.002815
2014-12-01,-0.01086556,-0.009,-0.0089,0.0061,0.0005,0.0051,2.5e-05,-0.010891
2014-12-02,0.002243118,0.0065,0.0046,0.0005,-0.0044,0.0003,2.5e-05,0.002218
2014-12-03,-0.002413341,0.0046,0.0045,0.0031,-0.0017,0.0005,2.5e-05,-0.002438
2014-12-04,-0.0006283986,-0.0017,-0.0035,0.0009,0.0003,-0.0016,2.5e-05,-0.000653
2014-12-05,0.001200368,0.0025,0.0056,0.0025,-0.0071,0.0016,2.5e-05,0.001175
2014-12-08,-0.01017744,-0.0082,-0.0058,0.0026,-0.0011,0.0008,2.5e-05,-0.010202
2014-12-09,-0.0009494664,0.0013,0.0168,-0.0028,-0.0045,-0.0033,2.5e-05,-0.000974
2014-12-10,-0.0180496,-0.0172,-0.0063,-0.001,0.001,0.0016,2.5e-05,-0.018075
2014-12-11,0.006501501,0.0049,-0.0006,-0.002,0.0019,0.0002,2.5e-05,0.006477
2014-12-12,-0.01403517,-0.0155,0.0046,-0.0058,0.0023,-0.0029,2.5e-05,-0.01406
2014-12-15,-0.006604648,-0.0068,-0.0023,0.0011,0.0066,0.0016,2.5e-05,-0.00663
2014-12-16,-0.01654149,-0.008,0.0069,0.006,-0.0009,0.0045,2.5e-05,-0.016566
2014-12-17,0.01767083,0.0215,0.009,-0.001,-0.0035,-0.0041,2.5e-05,0.017646
2014-12-18,0.02539125,0.0236,-0.0091,-0.0021,-0.0041,-0.0024,2.5e-05,0.025366
2014-12-19,0.007122819,0.0043,-0.0022,0.0019,-0.0046,0.0,2.5e-05,0.007098
2014-12-22,0.008863017,0.0037,0.0018,-0.0004,0.0008,0.0009,2.5e-05,0.008838
2014-12-23,0.0006919808,0.0021,-0.0012,0.0105,0.0058,0.0062,2.5e-05,0.000667
2014-12-24,-0.003260709,0.0007,0.0034,-0.0017,-0.0013,-0.0007,2.5e-05,-0.003286
2014-12-26,0.004020243,0.0039,0.0034,-0.0032,-0.0006,-0.0018,2.5e-05,0.003995
2014-12-29,-0.0007536744,0.0013,0.0022,0.0057,0.0018,0.0017,2.5e-05,-0.000779
2014-12-30,-0.004445713,-0.0048,0.0007,0.0035,-0.0007,0.003,2.5e-05,-0.004471
2014-12-31,-0.01054333,-0.0093,0.0048,-0.0039,-0.001,-0.0021,2.5e-05,-0.010568
2015-01-02,0.0006021646,-0.0011,-0.0056,0.0009,-0.0021,0.001,2.5e-05,0.000577
2015-01-05,-0.01857123,-0.0184,0.0025,-0.0063,0.0015,-0.0013,2.5e-05,-0.018596
2015-01-06,-0.01190039,-0.0104,-0.0078,-0.0027,0.0053,0.0004,2.5e-05,-0.011925
2015-01-07,0.008076081,0.0119,0.0016,-0.0065,0.0022,-0.0014,2.5e-05,0.008051
2015-01-08,0.01890892,0.0181,-0.001,-0.0027,0.0013,-0.0019,2.5e-05,0.018884
2015-01-09,-0.008230164,-0.0085,-0.0002,-0.005,-0.0013,-0.0017,2.5e-05,-0.008255
2015-01-12,-0.01105374,-0.0079,0.0034,-0.0037,0.0011,0.002,2.5e-05,-0.011079
2015-01-13,0.0005411247,-0.0019,0.0025,0.0003,0.0032,0.0003,2.5e-05,0.000516
2015-01-14,-0.00804715,-0.006,0.0028,-0.0049,0.0023,-0.0014,2.5e-05,-0.008072
2015-01-15,-0.01712527,-0.0108,-0.0094,0.0063,0.0065,0.0059,2.5e-05,-0.01715
2015-01-16,0.01228517,0.0136,0.005,-0.0014,-0.0029,-0.0009,2.5e-05,0.01226
2015-01-20,0.002599364,0.0011,-0.0075,-0.0055,0.0003,-0.0052,2.5e-05,0.002574
2015-01-21,0.006477714,0.0042,-0.0091,0.0055,0.0023,-0.0002,2.5e-05,0.006453
2015-01-22,0.01906177,0.0158,0.0045,0.0041,0.0,-0.0012,2.5e-05,0.019037
2015-01-23,-0.004571011,-0.0047,0.0044,-0.0082,-0.0004,-0.0059,2.5e-05,-0.004596
2015-01-26,-0.0005526415,0.0042,0.0058,-0.0005,-0.0037,-0.0009,2.5e-05,-0.000578
2015-01-27,-0.02215102,-0.0121,0.0076,0.0023,-0.0033,0.0051,2.5e-05,-0.022176
2015-01-28,-0.007998472,-0.0139,-0.0018,-0.0077,0.0053,-0.0019,2.5e-05,-0.008023
2015-01-29,0.01556914,0.0098,0.0019,0.0,0.0001,-0.0033,2.5e-05,0.015544
2015-01-30,0.000153352,-0.013,-0.0081,0.0003,-0.0018,-0.0046,2.5e-05,0.000128
2015-02-02,0.01496949,0.0125,-0.004,0.0099,0.0,0.0017,2.5e-05,0.014944
2015-02-03,0.0125946,0.0149,0.0024,0.0051,0.0005,0.0044,2.5e-05,0.01257
2015-02-04,-0.001792691,-0.0035,-0.0009,-0.002,0.0035,-0.0013,2.5e-05,-0.001818
2015-02-05,0.01021904,0.011,0.0044,-0.0016,-0.0048,-0.002,2.5e-05,0.010194
2015-02-06,-0.0009362333,-0.002,0.0007,0.0038,-0.0021,-0.0009,2.5e-05,-0.000961
2015-02-09,-0.002243301,-0.0046,-0.0037,0.0009,-0.0003,-0.0001,2.5e-05,-0.002268
2015-02-10,0.006846711,0.0104,-0.0036,-0.0069,0.0011,-0.0042,2.5e-05,0.006822
2015-02-11,0.002738337,0.0003,-0.0018,-0.0033,0.0003,-0.0008,2.5e-05,0.002713
2015-02-12,0.007018645,0.01,0.002,-0.0009,-0.0013,-0.0015,2.5e-05,0.006994
2015-02-13,0.007257034,0.0047,0.0016,-0.0029,-0.0029,-0.0023,2.5e-05,0.007232
2015-02-17,0.0002221427,0.0017,-0.0001,0.0,-0.0012,-0.0016,2.5e-05,0.000197
2015-02-18,-0.002999779,0.0003,0.0024,-0.0081,0.0033,-0.0016,2.5e-05,-0.003025
2015-02-19,0.002601838,-0.0001,0.0022,-0.0035,-0.0005,-0.0039,2.5e-05,0.002577
2015-02-20,0.006675881,0.0061,-0.0044,-0.0026,-0.0011,-0.0009,2.5e-05,0.006651
2015-02-23,-0.001731203,-0.0008,0.0004,-0.0037,0.004,-0.0021,2.5e-05,-0.001756
2015-02-24,0.003621173,0.0032,-0.0002,0.0069,-0.0023,0.0036,2.5e-05,0.003596
2015-02-25,0.004637209,0.0002,0.0019,-0.0051,-0.006,-0.0022,2.5e-05,0.004612
2015-02-26,0.00482899,-0.0008,0.0054,-0.0047,-0.0016,-0.0032,2.5e-05,0.004804
2015-02-27,-0.005899168,-0.0036,-0.0021,0.0022,0.0008,0.0032,2.5e-05,-0.005924
2015-03-02,0.005126669,0.0062,0.002,-0.0043,0.0001,0.0008,2.5e-05,0.005102
2015-03-03,-0.004717631,-0.0043,-0.0029,0.003,-0.0003,0.0,2.5e-05,-0.004743
2015-03-04,-0.003203928,-0.0041,0.001,-0.004,-0.0004,-0.0026,2.5e-05,-0.003229
2015-03-05,0.001047621,0.0015,0.0021,-0.0043,-0.0053,-0.0015,2.5e-05,0.001023
2015-03-06,-0.01506905,-0.0129,0.0029,0.0043,-0.0013,0.0,2.5e-05,-0.015094
2015-03-09,0.002164245,0.0037,0.0009,-0.0002,0.0025,-0.0003,2.5e-05,0.002139
2015-03-10,-0.01886414,-0.0163,0.0043,-0.0047,0.0014,-0.0013,2.5e-05,-0.018889
2015-03-11,-0.004675953,-0.0004,0.0061,0.0052,-0.005,-0.0003,2.5e-05,-0.004701
2015-03-12,0.01052143,0.0128,0.004,0.005,-0.001,0.0023,2.5e-05,0.010496
2015-03-13,-0.006755482,-0.0057,0.0019,-0.0003,-0.0013,-0.0013,2.5e-05,-0.00678
2015-03-16,0.01020108,0.0123,-0.0078,-0.0041,-0.0014,-0.0014,2.5e-05,0.010176
2015-03-17,-0.0001146746,-0.002,0.0053,-0.0002,0.0005,-0.0031,2.5e-05,-0.00014
2015-03-18,0.01492205,0.0108,-0.0048,0.0,0.0018,-0.0002,2.5e-05,0.014897
2015-03-19,-0.004938064,-0.0036,0.008,-0.011,0.0009,-0.0041,2.5e-05,-0.004963
2015-03-20,0.005481437,0.0081,-0.001,0.0054,0.0043,0.0026,2.5e-05,0.005456
2015-03-23,0.002122221,-0.0019,0.002,0.0024,0.002,0.0031,2.5e-05,0.002097
2015-03-24,-0.00458805,-0.0051,0.0052,-0.0029,0.001,-0.0021,2.5e-05,-0.004613
2015-03-25,-0.01665041,-0.0156,-0.0089,0.0103,0.0039,0.0051,2.5e-05,-0.016675
2015-03-26,-0.00172457,-0.0022,0.0009,-0.0006,0.0004,-0.0022,2.5e-05,-0.00175
2015-03-27,-0.0008760697,0.0032,0.0043,-0.0069,-0.0019,-0.0012,2.5e-05,-0.000901
2015-03-30,0.01246501,0.0124,0.0006,-0.0004,-0.0022,0.0001,2.5e-05,0.01244
2015-03-31,-0.009566015,-0.0075,0.0045,0.0037,0.0022,0.0024,2.5e-05,-0.009591
2015-04-01,-0.003070471,-0.0038,0.0034,0.0042,-0.0015,0.0024,2.5e-05,-0.003095
2015-04-02,0.002884225,0.0035,-0.0011,0.0031,-0.0012,0.0024,2.5e-05,0.002859
2015-04-06,0.01011017,0.0061,-0.0028,-0.0015,0.0021,-0.0021,2.5e-05,0.010085
2015-04-07,-0.0008714396,-0.0022,-0.0019,-0.0016,-0.0018,-0.0023,2.5e-05,-0.000896
2015-04-08,-0.0006331505,0.0037,0.0047,-0.0072,-0.0009,-0.0027,2.5e-05,-0.000658
2015-04-09,0.007720774,0.0041,-0.0071,-0.0006,-0.0028,0.0015,2.5e-05,0.007696
2015-04-10,0.01537093,0.0049,-0.0015,-0.0028,-0.0047,0.002,2.5e-05,0.015346
2015-04-13,-0.003202459,-0.0038,0.0055,0.0023,-0.0013,-0.0014,2.5e-05,-0.003227
2015-04-14,0.003850167,0.0011,-0.0013,0.0019,0.0009,0.0008,2.5e-05,0.003825
2015-04-15,0.00410134,0.0057,0.0027,0.0032,-0.0018,-0.0006,2.5e-05,0.004076
2015-04-16,-0.003813936,-0.0008,-0.001,-0.0021,-0.0018,-0.0021,2.5e-05,-0.003839
2015-04-17,-0.01162797,-0.0123,-0.0043,0.0022,0.0018,0.0009,2.5e-05,-0.011653
2015-04-20,0.01524913,0.0095,0.0014,-0.0027,0.0042,-0.0032,2.5e-05,0.015224
2015-04-21,-0.004327774,-0.001,0.0013,-0.0076,0.0012,-0.0024,2.5e-05,-0.004353
2015-04-22,0.00725927,0.0046,-0.0039,0.0017,-0.0002,0.0,2.5e-05,0.007234
2015-04-23,0.003223554,0.0029,0.0029,-0.0023,-0.0003,-0.0021,2.5e-05,0.003199
2015-04-24,0.02533843,0.0017,-0.0055,-0.0029,0.0071,-0.0055,2.5e-05,0.025313
2015-04-27,0.0009110148,-0.0054,-0.0068,0.0056,0.0052,-0.0003,2.5e-05,0.000886
2015-04-28,0.002287362,0.0027,0.0026,0.0102,0.0008,0.0044,2.5e-05,0.002262
2015-04-29,-0.001385602,-0.0038,-0.0072,0.0074,-0.0074,-0.0001,2.5e-05,-0.001411
2015-04-30,-0.01124507,-0.0111,-0.0101,0.0078,0.0027,0.0048,2.5e-05,-0.01127
2015-05-01,0.007793496,0.0101,-0.0031,-0.0062,0.003,-0.0018,2.5e-05,0.007768
2015-05-04,0.001317549,0.0032,0.0009,0.0024,-0.0018,0.0003,2.5e-05,0.001293
2015-05-05,-0.01237248,-0.0119,-0.0014,0.005,0.0,0.0029,2.5e-05,-0.012397
2015-05-06,-0.006854443,-0.0031,0.006,-0.0013,-0.0027,0.0011,2.5e-05,-0.006879
2015-05-07,0.00596151,0.0039,-0.0001,-0.0039,-0.0025,-0.0001,2.5e-05,0.005937
2015-05-08,0.01434442,0.0121,-0.0056,-0.0012,-0.0031,-0.0024,2.5e-05,0.014319
2015-05-11,-0.007798263,-0.0039,0.0066,-0.0003,-0.0009,0.0001,2.5e-05,-0.007823
2015-05-12,-0.001139229,-0.0027,0.0,0.0007,-0.0016,0.0,2.5e-05,-0.001164
2015-05-13,0.002421896,0.0001,0.0,0.0002,-0.0007,0.0003,2.5e-05,0.002397
2015-05-14,0.01510371,0.0101,-0.0016,-0.0035,0.0011,-0.0043,2.5e-05,0.015079
2015-05-15,-0.00322845,0.0005,-0.0021,-0.002,0.003,0.0026,2.5e-05,-0.003253
2015-05-18,0.004397444,0.0044,0.0073,-0.0009,-0.0019,-0.0027,2.5e-05,0.004372
2015-05-19,-0.001331969,-0.0009,-0.0007,0.0023,-0.001,-0.0004,2.5e-05,-0.001357
2015-05-20,0.00134928,-0.0005,0.0019,-0.0014,-0.0013,0.0006,2.5e-05,0.001324
2015-05-21,0.004390302,0.0023,-0.0029,-0.0002,0.0007,-0.0016,2.5e-05,0.004365
2015-05-22,-0.004833608,-0.0022,-0.0013,-0.0014,-0.0012,-0.0007,2.5e-05,-0.004859
2015-05-26,-0.009503765,-0.0101,-0.0003,-0.0001,-0.0014,0.0016,2.5e-05,-0.009529
2015-05-27,0.009947087,0.0093,0.003,-0.0034,-0.0008,-0.0029,2.5e-05,0.009922
2015-05-28,-0.002855164,-0.0012,0.001,0.0013,-0.0024,0.0009,2.5e-05,-0.00288
2015-05-29,-0.007259034,-0.0058,0.0006,0.0006,-0.0023,-0.0002,2.5e-05,-0.007284
2015-06-01,0.002813977,0.0017,-0.0006,-0.0022,0.0021,-0.0037,2.5e-05,0.002789
2015-06-02,-0.0009158286,-0.0002,0.0033,0.0033,-0.0015,0.0016,2.5e-05,-0.000941
2015-06-03,0.00817572,0.0039,0.0086,-0.0024,-0.0019,-0.0006,2.5e-05,0.008151
2015-06-04,-0.006669645,-0.0088,-0.0008,-0.0001,0.0018,-0.0002,2.5e-05,-0.006695
2015-06-05,-0.002897622,0.0006,0.0083,0.0005,-0.0051,-0.0038,2.5e-05,-0.002923
2015-06-08,-0.005579058,-0.0066,0.0003,0.0003,0.0002,0.0006,2.5e-05,-0.005604
2015-06-09,0.0005165718,0.0002,-0.0028,0.0035,0.0013,0.0011,2.5e-05,0.000492
2015-06-10,0.01231115,0.012,0.0016,0.0019,-0.0006,0.0002,2.5e-05,0.012286
2015-06-11,0.0001665511,0.0021,-0.0009,-0.0011,0.0015,-0.0001,2.5e-05,0.000142
2015-06-12,-0.007590337,-0.0063,0.0034,0.0013,0.0006,0.001,2.5e-05,-0.007615
2015-06-15,-0.007426974,-0.0045,0.0016,-0.0013,-0.0017,-0.0025,2.5e-05,-0.007452
2015-06-16,0.00664075,0.0057,0.0009,0.0,0.0009,-0.0007,2.5e-05,0.006616
2015-06-17,0.001952368,0.0016,-0.003,-0.0063,0.0021,-0.0011,2.5e-05,0.001927
2015-06-18,0.0127681,0.0099,0.0016,-0.0043,-0.0013,-0.0015,2.5e-05,0.012743
2015-06-19,-0.006911388,-0.0043,0.0051,-0.002,0.0006,-0.0006,2.5e-05,-0.006936
2015-06-22,0.007085768,0.0063,0.0008,-0.0006,-0.0014,-0.0025,2.5e-05,0.007061
2015-06-23,0.009397151,0.0012,0.0024,0.0027,-0.0011,-0.0001,2.5e-05,0.009372
2015-06-24,-0.003497998,-0.0079,-0.0014,0.0013,0.0019,-0.0001,2.5e-05,-0.003523
2015-06-25,-0.003260727,-0.0025,0.0033,-0.002,0.0015,-0.0008,2.5e-05,-0.003286
2015-06-26,-0.001072936,-0.0006,-0.0019,0.0045,0.0029,0.0035,2.5e-05,-0.001098
2015-06-29,-0.01831697,-0.0215,-0.0041,0.0018,0.0031,0.001,2.5e-05,-0.018342
2015-06-30,0.001423578,0.0033,0.003,-0.0067,-0.003,-0.0064,2.5e-05,0.001399
2015-07-01,0.005926632,0.006,-0.0077,-0.0006,0.0007,0.0008,2.5e-05,0.005902
2015-07-02,0.001408699,-0.0011,-0.006,-0.0004,-0.0002,0.0001,2.5e-05,0.001384
2015-07-06,-0.004226697,-0.0037,0.0007,-0.0055,-0.0022,-0.0023,2.5e-05,-0.004252
2015-07-07,0.0008285976,0.0053,-0.0048,-0.0025,0.0042,-0.0002,2.5e-05,0.000804
2015-07-08,-0.01551186,-0.0168,-0.0005,0.0007,0.0005,0.0011,2.5e-05,-0.015537
2015-07-09,0.0005977206,0.0028,0.0019,-0.0003,-0.0022,-0.0025,2.5e-05,0.000573
2015-07-10,0.01381362,0.0124,0.0019,-0.0055,-0.0018,-0.0007,2.5e-05,0.013789
2015-07-13,0.01460224,0.0114,-0.0012,-0.0042,0.0011,-0.0032,2.5e-05,0.014577
2015-07-14,0.005571509,0.0047,0.0012,0.0013,-0.0033,-0.0036,2.5e-05,0.005547
2015-07-15,0.0001758887,-0.0019,-0.0081,-0.0008,-0.0027,-0.003,2.5e-05,0.000151
2015-07-16,0.01251342,0.0078,-0.0025,-0.0062,-0.0025,-0.0067,2.5e-05,0.012488
2015-07-17,0.005917744,0.0005,-0.0068,-0.0065,-0.0026,-0.0094,2.5e-05,0.005893
2015-07-20,0.005927745,-0.0001,-0.008,-0.0057,0.0027,-0.003,2.5e-05,0.005903
2015-07-21,-0.002399785,-0.0047,0.0008,0.003,-0.0014,-0.0006,2.5e-05,-0.002425
2015-07-22,-0.01055067,-0.0018,0.0026,0.0019,-0.0043,0.0009,2.5e-05,-0.010576
2015-07-23,-0.006085002,-0.006,-0.0039,-0.0034,-0.0006,-0.0003,2.5e-05,-0.00611
2015-07-24,0.006696804,-0.0108,-0.0067,-0.0002,-0.0021,-0.0002,2.5e-05,0.006672
2015-07-27,-0.008150409,-0.0074,-0.0025,0.0008,0.0002,0.0037,2.5e-05,-0.008175
2015-07-28,0.006814789,0.0123,-0.0033,-0.0011,0.0013,0.0016,2.5e-05,0.00679
2015-07-29,0.009571733,0.0074,-0.0021,0.0052,0.0094,0.003,2.5e-05,0.009547
2015-07-30,0.0003167829,0.0012,0.0019,-0.0026,0.0006,-0.0014,2.5e-05,0.000292
2015-07-31,-0.008696936,-0.0015,0.0072,-0.0099,0.0023,-0.0007,2.5e-05,-0.008722
2015-08-03,-0.00549536,-0.0035,-0.0033,-0.0017,0.0008,0.0004,2.5e-05,-0.00552
2015-08-04,-0.004328865,-0.0014,0.0004,-0.0019,-0.0001,0.0018,2.5e-05,-0.004354
2015-08-05,0.006774681,0.0036,-0.0008,-0.0044,-0.0007,-0.0007,2.5e-05,0.00675
2015-08-06,-0.007495765,-0.0088,-0.0037,0.0199,0.0031,0.0074,2.5e-05,-0.007521
2015-08-07,-0.005217822,-0.0036,-0.004,-0.0035,0.0033,0.0019,2.5e-05,-0.005243
2015-08-10,0.01455381,0.0132,0.002,0.0069,0.0029,0.0005,2.5e-05,0.014529
2015-08-11,-0.01318095,-0.0098,-0.0006,0.0043,0.0005,0.0007,2.5e-05,-0.013206
2015-08-12,0.001396564,0.0007,-0.0019,-0.0027,-0.0011,-0.0016,2.5e-05,0.001372
2015-08-13,-0.001145451,-0.0014,-0.0041,0.0001,0.001,-0.0009,2.5e-05,-0.00117
2015-08-14,0.005551066,0.0043,0.0013,0.0044,-0.0008,0.0006,2.5e-05,0.005526
2015-08-17,0.005312321,0.006,0.0035,-0.0087,-0.0018,-0.0042,2.5e-05,0.005287
2015-08-18,-0.0003450349,-0.0035,-0.0062,0.0034,0.0032,0.0009,2.5e-05,-0.00037
2015-08-19,-0.008104539,-0.0085,-0.002,-0.0022,-0.0019,-0.0004,2.5e-05,-0.00813
2015-08-20,-0.02304334,-0.0224,-0.0023,0.006,0.0054,0.0065,2.5e-05,-0.023068
2015-08-21,-0.03811169,-0.0295,0.018,0.0014,-0.0075,0.0084,2.5e-05,-0.038137
2015-08-24,-0.03938011,-0.039,0.0026,-0.0043,0.0037,0.0013,2.5e-05,-0.039405
2015-08-25,-0.00850102,-0.0117,0.0057,-0.0061,-0.0025,-0.0065,2.5e-05,-0.008526
2015-08-26,0.05002726,0.0368,-0.0142,-0.0037,0.0015,-0.0068,2.5e-05,0.050002
2015-08-27,0.0283577,0.024,-0.0058,0.0062,-0.0021,-0.0022,2.5e-05,0.028333
2015-08-28,0.000626832,0.0023,0.0098,0.0008,-0.0016,0.0008,2.5e-05,0.000602
2015-08-31,-0.007575577,-0.0074,0.009,0.0142,0.001,0.0051,2.5e-05,-0.007601
2015-09-01,-0.03422978,-0.0291,0.0025,-0.0051,-0.0006,0.0007,2.5e-05,-0.034255
2015-09-02,0.02562786,0.0181,-0.0031,-0.0092,0.002,-0.0069,2.5e-05,0.025603
2015-09-03,-0.004335834,0.0017,-0.0018,0.0072,0.0032,0.0077,2.5e-05,-0.004361
2015-09-04,-0.01411707,-0.0139,0.0082,-0.0057,-0.001,-0.0047,2.5e-05,-0.014142
2015-09-08,0.02637387,0.0252,-0.004,-0.0055,-0.0012,-0.0028,2.5e-05,0.026349
2015-09-09,-0.01228112,-0.0134,0.0016,0.0011,0.0018,0.0001,2.5e-05,-0.012306
2015-09-10,0.008799988,0.0049,-0.0021,-0.0031,-0.0028,-0.0069,2.5e-05,0.008775
2015-09-11,0.005171444,0.0044,-0.0028,-0.007,-0.0011,-0.0029,2.5e-05,0.005146
2015-09-14,-0.00296994,-0.0041,0.0003,0.0001,-0.0004,-0.0007,2.5e-05,-0.002995
2015-09-15,0.01170858,0.0122,-0.0015,0.0025,0.0005,0.0009,2.5e-05,0.011684
2015-09-16,0.009117405,0.0084,0.0006,0.0044,0.0041,0.0022,2.5e-05,0.009092
2015-09-17,-0.003149896,-0.0017,0.0075,-0.015,-0.0034,-0.0054,2.5e-05,-0.003175
2015-09-18,-0.01261257,-0.0162,0.0027,-0.0096,-0.0045,-0.0053,2.5e-05,-0.012638
2015-09-21,0.009398663,0.0036,-0.0084,0.0121,0.0041,0.0021,2.5e-05,0.009374
2015-09-22,-0.01004083,-0.0129,-0.0029,0.0014,0.0024,0.0007,2.5e-05,-0.010066
2015-09-23,-1.892554e-05,-0.0027,-0.0022,-0.0014,-0.0023,-0.0028,2.5e-05,-4.4e-05
2015-09-24,-0.001243568,-0.0036,0.0024,0.0056,-0.0004,0.0003,2.5e-05,-0.001269
2015-09-25,-0.002014123,-0.0022,-0.0143,0.0188,0.0057,0.007,2.5e-05,-0.002039
2015-09-28,-0.01978042,-0.0263,-0.002,0.0117,0.005,0.0071,2.5e-05,-0.019805
2015-09-29,-0.003761665,-0.0007,-0.006,0.0071,0.007,0.0065,2.5e-05,-0.003787
2015-09-30,0.02032117,0.0188,-0.0048,-0.0048,-0.0038,-0.0034,2.5e-05,0.020296
2015-10-01,0.003237439,0.0013,-0.0051,-0.0005,-0.0007,-0.0021,2.5e-05,0.003212
2015-10-02,0.01203058,0.0148,0.0029,-0.0084,-0.0007,-0.0002,2.5e-05,0.012006
2015-10-05,0.02078577,0.0193,0.0074,0.0077,0.0023,0.0063,2.5e-05,0.020761
2015-10-06,-0.0002865196,-0.0043,-0.0008,0.0172,0.0041,0.0058,2.5e-05,-0.000312
2015-10-07,0.006801915,0.0094,0.0068,-0.0024,-0.0024,0.0,2.5e-05,0.006777
2015-10-08,0.001804492,0.0084,0.0034,0.0076,0.0057,0.0075,2.5e-05,0.001779
2015-10-09,0.002377155,0.0012,0.001,-0.0108,0.0012,-0.0017,2.5e-05,0.002352
2015-10-12,0.003596644,0.0006,-0.0044,-0.0007,-0.0002,-0.001,2.5e-05,0.003572
2015-10-13,-0.002760785,-0.0074,-0.0067,0.0069,0.0028,0.002,2.5e-05,-0.002786
2015-10-14,-0.006343614,-0.006,-0.0025,-0.0002,-0.0034,0.0038,2.5e-05,-0.006369
2015-10-15,0.01916687,0.0156,0.0061,-0.0015,-0.0115,-0.005,2.5e-05,0.019142
2015-10-16,0.01231394,0.0036,-0.0055,-0.0035,-0.0001,0.0001,2.5e-05,0.012289
2015-10-19,-0.0008664654,0.0,0.0009,-0.0071,0.0011,-0.0035,2.5e-05,-0.000891
2015-10-20,-0.002147953,-0.0015,0.0017,0.0121,0.0053,0.0028,2.5e-05,-0.002173
2015-10-21,-0.004069631,-0.0074,-0.009,-0.0018,0.0036,0.0022,2.5e-05,-0.004095
2015-10-22,0.02010973,0.015,-0.0076,0.0047,0.0004,0.0057,2.5e-05,0.020085
2015-10-23,0.02557422,0.0109,-0.0009,-0.006,0.0013,-0.0084,2.5e-05,0.025549
2015-10-26,2.223612e-05,-0.002,-0.0047,-0.0072,0.0016,-0.0019,2.5e-05,-3e-06
2015-10-27,-0.003663226,-0.0042,-0.0106,-0.0088,-0.0047,-0.0052,2.5e-05,-0.003688
2015-10-28,0.01245978,0.0143,0.015,0.0064,-0.0069,-0.0024,2.5e-05,0.012435
2015-10-29,0.002992175,-0.002,-0.0089,0.0009,0.0049,-0.002,2.5e-05,0.002967
2015-10-30,-0.008689245,-0.0041,0.0022,-0.0054,0.0042,0.0009,2.5e-05,-0.008714
2015-11-02,0.01379491,0.0125,0.009,-0.0002,-0.0047,-0.0005,2.5e-05,0.01377
2015-11-03,0.004859222,0.0032,0.0048,0.0021,0.001,-0.0009,2.5e-05,0.004834
2015-11-04,0.002548528,-0.0026,0.0018,-0.0033,-0.0062,-0.007,2.5e-05,0.002524
2015-11-05,0.006967898,-0.0008,0.0003,0.0045,-0.0004,0.0013,2.5e-05,0.006943
2015-11-06,0.003103845,0.0014,0.0086,0.0029,-0.0069,-0.0016,2.5e-05,0.003079
2015-11-09,-0.01026666,-0.0095,-0.0027,-0.0005,-0.007,-0.0002,2.5e-05,-0.010292
2015-11-10,0.000261812,0.0013,0.0001,0.0026,-0.001,0.0019,2.5e-05,0.000237
2015-11-11,0.00447268,-0.0043,-0.0057,-0.0018,-0.0017,0.0005,2.5e-05,0.004448
2015-11-12,-0.0129223,-0.0145,-0.0056,-0.0045,0.0015,-0.0027,2.5e-05,-0.012947
2015-11-13,-0.01616864,-0.0106,0.0032,0.0038,-0.005,0.0043,2.5e-05,-0.016194
2015-11-16,0.01470431,0.0139,-0.0052,0.0046,0.0024,-0.0013,2.5e-05,0.014679
2015-11-17,-0.002026708,-0.0011,-0.0024,-0.0066,0.0,-0.0017,2.5e-05,-0.002052
2015-11-18,0.01790111,0.0161,-0.0001,-0.0008,-0.0006,-0.0039,2.5e-05,0.017876
2015-11-19,-0.001439182,-0.0013,-0.0028,-0.0011,0.0018,0.0014,2.5e-05,-0.001464
2015-11-20,0.004785393,0.0035,0.004,-0.0041,0.0026,0.0002,2.5e-05,0.00476
2015-11-23,-0.001077629,-0.0001,0.0061,-0.0036,0.0006,-0.0017,2.5e-05,-0.001103
2015-11-24,-6.973985e-05,0.0021,0.0076,0.0027,0.0026,0.0011,2.5e-05,-9.5e-05
2015-11-25,-0.003290989,0.0009,0.0084,-0.0055,-0.0013,-0.0011,2.5e-05,-0.003316
2015-11-27,0.001322761,0.0009,0.0019,-0.0029,-0.0021,0.0007,2.5e-05,0.001298
2015-11-30,-0.003998681,-0.0047,0.002,0.0069,-0.002,0.0009,2.5e-05,-0.004024
2015-12-01,0.01060553,0.0097,-0.0063,0.0025,-0.0012,-0.0014,2.5e-05,0.010581
2015-12-02,-0.009112258,-0.0101,0.0018,-0.007,-0.0003,-0.0015,2.5e-05,-0.009137
2015-12-03,-0.01213734,-0.015,-0.002,0.0044,0.0025,0.0021,2.5e-05,-0.012162
2015-12-04,0.02182181,0.0186,-0.0107,-0.0052,0.0011,-0.0034,2.5e-05,0.021797
2015-12-07,-0.005835371,-0.0084,-0.0088,-0.0066,0.0057,0.0018,2.5e-05,-0.00586
2015-12-08,-0.005769183,-0.0059,0.0026,-0.0123,-0.002,-0.0078,2.5e-05,-0.005794
2015-12-09,-0.00763004,-0.0083,-0.002,0.0041,0.0053,0.0063,2.5e-05,-0.007655
2015-12-10,0.00343591,0.003,0.001,-0.0022,0.0018,-0.0019,2.5e-05,0.003411
2015-12-11,-0.02118246,-0.0203,-0.0021,-0.0006,0.0008,0.0035,2.5e-05,-0.021207
2015-12-14,0.01220555,0.0029,-0.0113,-0.0019,0.0005,-0.0034,2.5e-05,0.012181
2015-12-15,0.009362616,0.011,0.0021,0.0076,-0.0076,0.0013,2.5e-05,0.009338
2015-12-16,0.01556184,0.0147,0.0001,-0.0064,-0.0011,-0.0018,2.5e-05,0.015537
2015-12-17,-0.01198588,-0.0146,0.003,-0.0031,-0.0028,-0.0007,2.5e-05,-0.012011
2015-12-18,-0.01781707,-0.017,0.0069,-0.0039,-0.0039,0.002,2.5e-05,-0.017842
2015-12-21,0.007236273,0.0074,-0.0018,-0.0005,-0.001,0.0005,2.5e-05,0.007211
2015-12-22,0.004913831,0.0089,0.0002,0.0051,0.0022,0.005,2.5e-05,0.004889
2015-12-23,0.01066455,0.013,0.0024,0.0059,0.001,0.0014,2.5e-05,0.01064
2015-12-24,-0.002605417,-0.0011,0.0027,-0.0003,-0.0021,0.0008,2.5e-05,-0.00263
2015-12-28,0.001201383,-0.0029,-0.0054,-0.0038,-0.0001,-0.0007,2.5e-05,0.001176
2015-12-29,0.01220187,0.0105,0.0003,-0.0031,0.0002,-0.0034,2.5e-05,0.012177
2015-12-30,-0.007741738,-0.0074,-0.0017,-0.0013,0.0001,0.0015,2.5e-05,-0.007767
2015-12-31,-0.01052214,-0.0092,-0.002,0.0024,-0.0004,0.001,2.5e-05,-0.010547
2016-01-04,-0.01847399,-0.0159,-0.0073,0.0053,0.0046,0.0042,2.5e-05,-0.018499
2016-01-05,0.0002068225,0.0012,-0.0025,0.0,0.0001,0.0033,2.5e-05,0.000182
2016-01-06,-0.009157122,-0.0135,-0.0023,-0.0001,0.0,0.0003,2.5e-05,-0.009182
2016-01-07,-0.03240561,-0.0244,-0.0029,0.0008,0.0039,0.0042,2.5e-05,-0.032431
2016-01-08,-0.007719302,-0.0111,-0.0052,-0.0003,0.0023,0.0005,2.5e-05,-0.007744
2016-01-11,0.003438284,-0.0006,-0.0063,0.0034,0.0056,0.0044,2.5e-05,0.003413
2016-01-12,0.008133737,0.0071,-0.0046,-0.0077,-0.0007,-0.003,2.5e-05,0.008109
2016-01-13,-0.0219831,-0.0267,-0.0059,0.0078,0.0023,0.0068,2.5e-05,-0.022008
2016-01-14,0.02511626,0.0165,-0.0006,-0.0041,-0.0054,-0.0047,2.5e-05,0.025091
2016-01-15,-0.02490421,-0.0214,0.004,-0.0021,0.0031,0.0033,2.5e-05,-0.024929
2016-01-19,0.0002266949,-0.002,-0.0138,-0.0007,0.0028,0.0026,2.5e-05,0.000202
2016-01-20,-0.01440639,-0.0094,0.0167,-0.0124,0.0002,-0.0055,2.5e-05,-0.014431
2016-01-21,0.00470299,0.0045,-0.0045,0.0001,0.0049,0.0061,2.5e-05,0.004678
2016-01-22,0.02710978,0.0208,0.0014,-0.0019,-0.0038,-0.0076,2.5e-05,0.027085
2016-01-25,-0.0121654,-0.0171,-0.0052,-0.0098,0.0019,-0.0001,2.5e-05,-0.01219
2016-01-26,0.01745592,0.0152,0.0059,0.0122,0.0065,0.0071,2.5e-05,0.017431
2016-01-27,-0.01794062,-0.0111,-0.0038,0.0172,-0.0027,0.0106,2.5e-05,-0.017966
2016-01-28,0.03385543,0.0049,-0.0057,0.0127,-0.0036,-0.005,2.5e-05,0.03383
2016-01-29,0.01807412,0.0257,0.0059,0.0037,0.0018,0.0047,2.5e-05,0.018049
2016-02-01,-0.006143537,-0.0004,-0.0032,-0.0095,0.0013,-0.0039,3.5e-05,-0.006179
2016-02-02,-0.01944582,-0.02,-0.0014,-0.0034,0.0024,0.004,3.5e-05,-0.019481
2016-02-03,0.00538931,0.0046,-0.0022,0.0044,0.005,0.0039,3.5e-05,0.005354
2016-02-04,0.004441516,0.0027,0.0038,0.0033,0.0024,0.0013,3.5e-05,0.004407
2016-02-05,-0.02628117,-0.0206,-0.0073,0.0175,0.0109,0.0143,3.5e-05,-0.026316
2016-02-08,-0.008171837,-0.0151,0.0009,0.0089,0.0146,0.0095,3.5e-05,-0.008207
2016-02-09,-0.004050047,-0.001,-0.0056,-0.0029,-0.0002,0.0003,3.5e-05,-0.004085
2016-02-10,0.0004882554,0.0001,-0.0021,-0.0056,-0.0024,-0.0081,3.5e-05,0.000453
2016-02-11,-0.005287546,-0.0117,0.0028,-0.0148,0.0029,-0.004,3.5e-05,-0.005323
2016-02-12,0.01844082,0.0198,-0.0027,0.0115,-0.0037,0.0032,3.5e-05,0.018406
2016-02-16,0.01325001,0.0178,0.0055,-0.0055,0.0007,-0.0026,3.5e-05,0.013215
2016-02-17,0.01517167,0.0175,-0.0014,-0.0063,-0.0038,-0.0049,3.5e-05,0.015137
2016-02-18,-0.005556348,-0.0051,-0.0002,0.0021,0.0025,0.0052,3.5e-05,-0.005591
2016-02-19,0.001549879,0.0006,0.003,-0.0062,-0.0065,-0.0041,3.5e-05,0.001515
2016-02-22,0.01491033,0.0143,-0.0017,0.0024,0.0024,-0.002,3.5e-05,0.014875
2016-02-23,-0.01668181,-0.0122,0.0037,-0.0052,0.0073,0.0049,3.5e-05,-0.016717
2016-02-24,0.00523821,0.0053,0.0064,-0.0032,0.0,0.0012,3.5e-05,0.005203
2016-02-25,0.01045902,0.011,-0.0045,0.0023,-0.001,-0.0025,3.5e-05,0.010424
2016-02-26,-0.001685454,-0.0001,0.0085,0.0026,-0.0045,0.0002,3.5e-05,-0.00172
2016-02-29,-0.009422886,-0.0069,0.0071,0.0026,0.0012,0.0044,3.5e-05,-0.009458
2016-03-01,0.0300292,0.0234,-0.0063,0.003,-0.0049,-0.0054,3.5e-05,0.029994
2016-03-02,0.00619386,0.0054,0.006,0.0071,-0.0064,-0.001,3.5e-05,0.006159
2016-03-03,-0.0007310576,0.0051,0.0057,0.0065,0.0038,0.0037,3.5e-05,-0.000766
2016-03-04,-0.0001158981,0.0037,0.0033,0.0029,0.0008,0.0007,3.5e-05,-0.000151
2016-03-07,-0.005533291,0.0021,0.0133,0.0054,-0.0035,0.0043,3.5e-05,-0.005568
2016-03-08,-0.005916778,-0.0127,-0.0127,-0.0049,0.0056,0.0014,3.5e-05,-0.005952
2016-03-09,0.004783669,0.005,0.0011,0.0038,0.0022,0.0013,3.5e-05,0.004749
2016-03-10,-0.002294351,-0.0011,-0.0074,0.0063,0.0029,0.0019,3.5e-05,-0.002329
2016-03-11,0.01127944,0.0169,0.003,0.0019,-0.0034,-0.0031,3.5e-05,0.011244
2016-03-14,0.001174484,-0.0012,-0.0013,-0.0087,0.0007,-0.0024,3.5e-05,0.001139
2016-03-15,0.006029281,-0.0036,-0.0143,0.0067,0.0039,0.0007,3.5e-05,0.005994
2016-03-16,0.003537226,0.0063,0.0012,-0.0004,0.007,-0.0003,3.5e-05,0.003502
2016-03-17,0.0009851411,0.0072,0.0097,0.0058,0.0019,0.0069,3.5e-05,0.00095
2016-03-18,-0.0008226816,0.0054,0.0041,-0.0019,-0.002,0.0019,3.5e-05,-0.000858
2016-03-21,0.002157971,0.001,-0.0028,-0.0031,-0.0011,-0.0035,3.5e-05,0.002123
2016-03-22,0.002412591,-0.0005,-0.0008,-0.0044,-0.0031,-0.0026,3.5e-05,0.002378
2016-03-23,0.001174969,-0.0086,-0.0121,-0.0009,0.0052,0.0001,3.5e-05,0.00114
2016-03-24,0.00349531,0.0,0.0042,-0.0006,-0.0001,-0.0003,3.5e-05,0.00346
2016-03-28,0.0001502048,0.0004,-0.0004,0.0014,-0.0005,0.0024,3.5e-05,0.000115
2016-03-29,0.01182985,0.0107,0.0165,-0.0118,0.002,-0.0058,3.5e-05,0.011795
2016-03-30,0.004270413,0.0041,-0.0027,0.0015,-0.0006,0.0002,3.5e-05,0.004235
2016-03-31,-0.005366941,-0.0011,0.0041,-0.0048,-0.0008,-0.0012,3.5e-05,-0.005402
2016-04-01,0.006069486,0.0064,-0.0034,-0.0062,-0.0042,-0.0014,2.5e-05,0.006044
2016-04-04,-0.00581106,-0.0041,-0.0034,-0.0074,-0.0025,-0.0023,2.5e-05,-0.005836
2016-04-05,-0.008547066,-0.0094,-0.0018,-0.0036,0.0009,0.0018,2.5e-05,-0.008572
2016-04-06,0.009135921,0.0114,0.0006,-0.0082,-0.0049,-0.0063,2.5e-05,0.009111
2016-04-07,-0.01112326,-0.0123,-0.0009,-0.0035,-0.0002,0.0021,2.5e-05,-0.011148
2016-04-08,-0.0002106551,0.0029,0.0013,0.0068,0.0042,0.0028,2.5e-05,-0.000236
2016-04-11,-0.000961533,-0.0028,0.0001,0.0095,0.0001,0.0029,2.5e-05,-0.000987
2016-04-12,0.01039427,0.0099,0.0001,0.0085,0.001,-0.0016,2.5e-05,0.010369
2016-04-13,0.01009549,0.0123,0.0096,0.0036,-0.0045,-0.0034,2.5e-05,0.01007
2016-04-14,0.004314374,0.0003,-0.0026,0.0018,-0.0036,-0.0012,2.5e-05,0.004289
2016-04-15,-0.00325413,-0.0004,0.0029,-0.0033,0.0016,0.0016,2.5e-05,-0.003279
2016-04-18,0.004852496,0.0065,0.0014,-0.0019,-0.0016,-0.0004,2.5e-05,0.004827
2016-04-19,0.0051027,0.0029,-0.0018,0.0148,-0.0027,0.0037,2.5e-05,0.005078
2016-04-20,0.002372921,0.0015,0.0,0.0054,-0.0034,-0.0012,2.5e-05,0.002348
2016-04-21,-0.00436831,-0.0047,-0.0001,-0.0059,-0.006,-0.0034,2.5e-05,-0.004393
2016-04-22,-0.01176524,0.0012,0.0103,0.0049,-0.0005,0.0096,2.5e-05,-0.01179
2016-04-25,4.508981e-05,-0.0024,-0.0066,-0.0018,-0.0001,-0.0016,2.5e-05,2e-05
2016-04-26,-0.004387865,0.0029,0.0082,0.0078,0.0035,0.0061,2.5e-05,-0.004413
2016-04-27,-0.006584214,0.0021,0.0025,0.0068,-0.001,0.0079,2.5e-05,-0.006609
2016-04-28,-0.0005489651,-0.0096,-0.0021,0.0005,-0.0048,0.0055,2.5e-05,-0.000574
2016-04-29,0.009445827,-0.005,-0.002,0.0038,-0.0009,-0.0025,2.5e-05,0.009421
2016-05-02,0.01047875,0.0078,-0.0004,-0.0036,-0.0006,-0.001,3.5e-05,0.010444
2016-05-03,-0.008047328,-0.0105,-0.0074,-0.005,0.0052,0.0002,3.5e-05,-0.008082
2016-05-04,-0.004981385,-0.0066,-0.0017,0.0006,0.004,0.0029,3.5e-05,-0.005016
2016-05-05,-0.003367188,-0.0008,-0.0052,0.0009,0.0018,0.0001,3.5e-05,-0.003402
2016-05-06,0.007151721,0.0038,0.0007,0.0024,0.0014,0.0024,3.5e-05,0.007117
2016-05-09,-0.0008529682,0.0005,0.0018,-0.0148,0.0,-0.0051,3.5e-05,-0.000888
2016-05-10,0.01562054,0.0126,-0.0036,0.0047,-0.0007,0.0005,3.5e-05,0.015586
2016-05-11,-0.002430797,-0.0089,-0.0034,0.0078,-0.0047,0.0,3.5e-05,-0.002466
2016-05-12,0.0008353558,-0.0011,-0.0059,0.0014,0.0034,0.0011,3.5e-05,0.0008
2016-05-13,-0.008093927,-0.0082,0.0028,-0.0066,-0.0056,-0.0018,3.5e-05,-0.008129
2016-05-16,0.009219454,0.0099,0.0021,-0.0024,-0.0001,-0.0031,3.5e-05,0.009184
2016-05-17,-0.00822605,-0.0095,-0.0068,0.0061,-0.0003,-0.0009,3.5e-05,-0.008261
2016-05-18,0.004146139,0.001,0.0015,0.0084,-0.0134,-0.0065,3.5e-05,0.004111
2016-05-19,-0.003990975,-0.0033,-0.0032,-0.0029,0.0033,-0.0001,3.5e-05,-0.004026
2016-05-20,0.004184994,0.0075,0.0084,-0.0029,-0.0038,-0.0037,3.5e-05,0.00415
2016-05-23,-0.003519363,-0.0018,0.0024,-0.0032,-0.0017,0.0009,3.5e-05,-0.003554
2016-05-24,0.0123851,0.0143,0.0061,-0.0034,-0.001,-0.0039,3.5e-05,0.01235
2016-05-25,0.008236387,0.0072,-0.0013,0.0058,0.0024,-0.001,3.5e-05,0.008201
2016-05-26,0.001445099,-0.0004,-0.0016,-0.0051,0.0014,-0.0022,3.5e-05,0.00141
2016-05-27,0.002255666,0.0049,0.0035,-0.0022,-0.0009,-0.0009,3.5e-05,0.002221
2016-05-31,0.001021198,-0.0001,0.0045,-0.0036,-0.0024,-0.0033,3.5e-05,0.000986
2016-06-01,-0.002970018,0.002,0.0064,-0.0025,-0.0025,0.0008,3.5e-05,-0.003005
2016-06-02,0.0009842757,0.0035,0.0025,-0.0059,-0.0023,-0.0006,3.5e-05,0.000949
2016-06-03,-0.003337584,-0.0038,-0.0018,-0.0009,0.0049,0.0017,3.5e-05,-0.003373
2016-06-06,0.006351454,0.006,0.0072,0.0032,-0.001,-0.0011,3.5e-05,0.006316
2016-06-07,0.001601863,0.0012,0.0023,0.0011,0.0034,0.0023,3.5e-05,0.001567
2016-06-08,0.002122552,0.0037,0.0043,-0.0012,0.0005,-0.0011,3.5e-05,0.002088
2016-06-09,0.0007522307,-0.0027,-0.0043,-0.0022,0.0029,0.0013,3.5e-05,0.000717
2016-06-10,-0.006988352,-0.0105,-0.004,-0.0018,0.0007,0.0059,3.5e-05,-0.007023
2016-06-13,-0.009134616,-0.0083,-0.0037,0.001,-0.0028,-0.0004,3.5e-05,-0.00917
2016-06-14,0.001871401,-0.0019,0.0014,-0.0071,0.0024,0.0003,3.5e-05,0.001836
2016-06-15,-0.002686552,-0.0011,0.0027,-0.0005,0.0,0.0005,3.5e-05,-0.002722
2016-06-16,0.00588661,0.0024,-0.0031,-0.004,0.0028,0.0035,3.5e-05,0.005852
2016-06-17,-0.007248041,-0.003,0.0008,0.0094,0.0048,0.0062,3.5e-05,-0.007283
2016-06-20,0.003783547,0.0071,0.006,-0.0001,-0.0015,0.0012,3.5e-05,0.003749
2016-06-21,0.00707989,0.0021,-0.0061,0.005,-0.0018,-0.0001,3.5e-05,0.007045
2016-06-22,-0.002663187,-0.002,-0.003,0.0008,0.0006,0.0,3.5e-05,-0.002698
2016-06-23,0.01264087,0.0145,0.0056,0.0043,-0.0051,-0.002,3.5e-05,0.012606
2016-06-24,-0.03215684,-0.037,0.0,-0.0114,0.0084,0.0008,3.5e-05,-0.032192
2016-06-27,-0.01301377,-0.0207,-0.0107,-0.0067,0.0036,0.0042,3.5e-05,-0.013049
2016-06-28,0.02082974,0.0176,-0.0037,0.0015,-0.006,-0.0058,3.5e-05,0.020795
2016-06-29,0.01577701,0.018,0.0032,-0.0006,-0.0004,-0.0023,3.5e-05,0.015742
2016-06-30,0.01312892,0.0142,0.0038,0.0045,-0.0011,0.0037,3.5e-05,0.013094
2016-07-01,0.001882229,0.0024,0.0047,-0.0041,-0.0003,0.0024,3.5e-05,0.001847
2016-07-05,-0.004263483,-0.0085,-0.0083,-0.0137,0.0057,-0.0068,3.5e-05,-0.004298
2016-07-06,0.009400484,0.0062,0.0017,-0.0013,-0.0012,-0.0016,3.5e-05,0.009365
2016-07-07,-0.003003671,0.0002,0.0035,-0.002,0.0025,-0.0031,3.5e-05,-0.003039
2016-07-08,0.011009,0.016,0.0095,0.0035,0.0008,0.0027,3.5e-05,0.010974
2016-07-11,0.003797836,0.0043,0.0069,0.0026,0.0026,-0.0008,3.5e-05,0.003763
2016-07-12,0.003865499,0.0075,0.0075,0.01,-0.0052,0.0064,3.5e-05,0.00383
2016-07-13,-0.001176896,-0.0005,-0.0047,0.0051,0.0047,0.0,3.5e-05,-0.001212
2016-07-14,0.006281241,0.0051,-0.0041,0.0045,0.0,0.0,3.5e-05,0.006246
2016-07-15,-6.121744e-05,-0.0005,0.0029,0.0001,-0.0028,0.0001,3.5e-05,-9.6e-05
2016-07-18,0.003593671,0.0025,0.0002,-0.0012,0.0012,-0.0024,3.5e-05,0.003559
2016-07-19,0.001173099,-0.0022,-0.0064,0.0004,0.0031,-0.0024,3.5e-05,0.001138
2016-07-20,0.006802376,0.0048,0.004,-0.0087,0.0,-0.0036,3.5e-05,0.006767
2016-07-21,-0.003834961,-0.0038,-0.0007,-0.0002,0.0007,0.0002,3.5e-05,-0.00387
2016-07-22,0.001524495,0.0048,0.0028,-0.0008,0.0042,-0.0025,3.5e-05,0.001489
2016-07-25,-0.005829352,-0.0027,-0.0001,-0.0024,0.0051,-0.0039,3.5e-05,-0.005864
2016-07-26,-0.003854286,0.0013,0.0062,0.0054,-0.0042,0.0074,3.5e-05,-0.003889
2016-07-27,0.007790605,-0.0014,0.0052,-0.0044,-0.0012,-0.0056,3.5e-05,0.007756
2016-07-28,0.003323951,0.0018,-0.0045,-0.0035,-0.0007,-0.0015,3.5e-05,0.003289
2016-07-29,0.001147659,0.0017,-0.0003,0.0003,0.0006,0.0031,3.5e-05,0.001113
2016-08-01,-0.0008458182,-0.0016,0.0006,-0.0087,0.0065,-0.0073,3.5e-05,-0.000881
2016-08-02,-0.003401327,-0.007,-0.0063,0.0017,-0.0051,0.0016,3.5e-05,-0.003436
2016-08-03,0.002494616,0.0045,0.0058,0.0083,-0.0065,0.0015,3.5e-05,0.00246
2016-08-04,0.0038538,0.0005,0.0007,-0.0033,0.0011,0.0008,3.5e-05,0.003819
2016-08-05,0.008295552,0.0093,0.0057,0.0087,-0.0051,-0.0036,3.5e-05,0.008261
2016-08-08,0.001110158,-0.0006,0.0011,0.0057,0.0002,0.0044,3.5e-05,0.001075
2016-08-09,0.0008438151,0.0005,-0.0005,-0.0031,-0.0019,-0.0023,3.5e-05,0.000809
2016-08-10,-0.004095357,-0.0029,-0.0045,-0.0013,0.0067,0.0,3.5e-05,-0.00413
2016-08-11,0.002503458,0.0054,0.0015,0.0004,-0.0025,0.0016,3.5e-05,0.002468
2016-08-12,8.552834e-07,-0.0006,0.0013,-0.0018,-0.0013,-0.0027,3.5e-05,-3.4e-05
2016-08-15,-0.0006351192,0.0039,0.008,0.004,-0.0026,0.0036,3.5e-05,-0.00067
2016-08-16,-0.006490532,-0.0057,-0.002,0.006,-0.0013,0.0031,3.5e-05,-0.006526
2016-08-17,0.002660457,0.0012,-0.005,0.0025,0.0001,0.0006,3.5e-05,0.002625
2016-08-18,-0.0006551054,0.0032,0.0047,0.0037,-0.0043,0.0035,3.5e-05,-0.00069
2016-08-19,-0.004251117,-0.0011,0.001,-0.0012,0.0025,-0.0014,3.5e-05,-0.004286
2016-08-22,-0.0005330586,-0.0002,0.0022,-0.0041,-0.0003,-0.0036,3.5e-05,-0.000568
2016-08-23,0.0008186908,0.0027,0.0056,-0.0001,0.0006,0.0007,3.5e-05,0.000784
2016-08-24,-0.002250963,-0.0056,-0.0043,0.004,0.0039,-0.0007,3.5e-05,-0.002286
2016-08-25,0.0004790434,-0.0008,0.0022,0.0049,-0.002,0.0029,3.5e-05,0.000444
2016-08-26,0.0009402063,-0.0015,0.0013,-0.0013,-0.0034,-0.002,3.5e-05,0.000905
2016-08-29,0.005853609,0.0053,0.0,0.0035,-0.0015,0.0021,3.5e-05,0.005819
2016-08-30,-0.002575246,-0.0014,0.0021,0.0031,-0.0008,-0.003,3.5e-05,-0.00261
2016-08-31,-0.001335518,-0.0024,-0.0035,0.0014,0.0023,-0.0034,3.5e-05,-0.001371
2016-09-01,0.0001393283,0.0003,0.0005,-0.0049,0.0012,-0.0013,3.5e-05,0.000104
2016-09-02,0.003479542,0.0053,0.0042,0.0036,-0.0013,0.0019,3.5e-05,0.003445
2016-09-06,0.006732121,0.0026,0.0,-0.0053,-0.0059,-0.0003,3.5e-05,0.006697
2016-09-07,0.0004279573,0.0009,0.0061,0.0003,-0.0001,-0.0025,3.5e-05,0.000393
2016-09-08,-0.003324265,-0.0018,0.0004,0.0058,-0.0082,0.0041,3.5e-05,-0.003359
2016-09-09,-0.02319401,-0.0247,-0.0055,0.003,0.0003,-0.0043,3.5e-05,-0.023229
2016-09-12,0.01353184,0.0144,-0.0004,-0.0047,-0.0007,-0.002,3.5e-05,0.013497
2016-09-13,-0.010478,-0.0148,-0.0032,-0.0047,0.0057,-0.0076,3.5e-05,-0.010513
2016-09-14,0.002344914,-0.0008,0.0005,-0.0082,0.0009,-0.0051,3.5e-05,0.00231
2016-09-15,0.01174766,0.0107,0.0031,-0.0032,0.0009,-0.0021,3.5e-05,0.011713
2016-09-16,-0.002652919,-0.0036,0.0028,-0.0046,0.0026,-0.0019,3.5e-05,-0.002688
2016-09-19,-0.004283393,0.0005,0.005,0.0016,-0.0005,0.0034,3.5e-05,-0.004318
2016-09-20,0.0001273583,-0.0002,-0.0033,-0.0052,-0.0046,-0.0011,3.5e-05,9.2e-05
2016-09-21,0.009250006,0.0112,0.002,0.0033,-0.0033,0.0052,3.5e-05,0.009215
2016-09-22,0.007321424,0.007,0.0081,-0.0006,0.0012,0.0013,3.5e-05,0.007286
2016-09-23,-0.005317284,-0.006,-0.0008,-0.002,0.0041,-0.0046,3.5e-05,-0.005352
2016-09-26,-0.007920176,-0.0088,-0.003,-0.0035,-0.0021,0.002,3.5e-05,-0.007955
2016-09-27,0.01054023,0.0064,-0.0013,-0.0052,-0.0003,-0.0041,3.5e-05,0.010505
2016-09-28,0.007250941,0.0056,0.0023,0.011,-0.0101,0.0114,3.5e-05,0.007216
2016-09-29,-0.00987055,-0.0098,-0.0039,0.0055,0.0024,0.0067,3.5e-05,-0.009906
2016-09-30,0.005982843,0.0088,0.0042,0.0035,-0.0012,0.001,3.5e-05,0.005948
2016-10-03,0.0002154785,-0.0026,0.0,-0.0021,0.0,0.001,3.5e-05,0.00018
2016-10-04,-0.003683122,-0.0046,0.0002,0.0017,0.0022,-0.0026,3.5e-05,-0.003718
2016-10-05,0.004832992,0.0058,0.0042,0.0079,-0.004,0.0044,3.5e-05,0.004798
2016-10-06,-0.0001659198,-0.0006,-0.0023,0.0037,0.0039,0.0024,3.5e-05,-0.000201
2016-10-07,-0.0007319912,-0.0038,-0.0053,0.0016,-0.0027,-0.0038,3.5e-05,-0.000767
2016-10-10,0.006902112,0.0052,0.0056,0.0001,-0.0058,-0.0022,3.5e-05,0.006867
2016-10-11,-0.006891529,-0.013,-0.0057,0.0049,0.0031,0.0009,3.5e-05,-0.006927
2016-10-12,0.001221054,0.0006,-0.0021,0.0037,0.0063,0.0015,3.5e-05,0.001186
2016-10-13,-0.003886896,-0.0042,-0.0074,-0.0063,0.0032,-0.0013,3.5e-05,-0.003922
2016-10-14,-0.0002053232,0.0001,-0.0033,0.0057,0.0006,0.0009,3.5e-05,-0.00024
2016-10-17,-0.001818623,-0.0029,-0.0003,0.0014,0.0006,0.0014,3.5e-05,-0.001854
2016-10-18,0.001357608,0.006,-0.0014,0.0003,-0.0013,-0.0029,3.5e-05,0.001323
2016-10-19,0.001907475,0.0025,0.0012,0.0091,-0.001,0.0047,3.5e-05,0.001872
2016-10-20,-0.003538404,-0.0016,-0.0004,-0.0011,-0.0046,-0.0004,3.5e-05,-0.003573
2016-10-21,0.001759522,0.0002,-0.0017,-0.0032,0.0032,-0.0018,3.5e-05,0.001725
2016-10-24,0.00616322,0.0054,0.0007,-0.0016,0.0052,-0.0049,3.5e-05,0.006128
2016-10-25,-0.0021959,-0.0046,-0.006,0.0022,0.0,-0.0001,3.5e-05,-0.002231
2016-10-26,-0.0042523,-0.0023,-0.0073,0.0074,0.0008,0.0054,3.5e-05,-0.004287
2016-10-27,-0.003354004,-0.0033,-0.0095,0.006,-0.0015,-0.0004,3.5e-05,-0.003389
2016-10-28,-0.006524106,-0.0029,-0.001,0.001,0.0001,0.0033,3.5e-05,-0.006559
2016-10-31,0.0009545524,0.0002,0.0008,0.0014,0.0051,-0.0032,3.5e-05,0.00092
2016-11-01,-0.006295359,-0.0068,-0.0036,0.0017,-0.0057,-0.0006,3.5e-05,-0.00633
2016-11-02,-0.008668275,-0.0073,-0.0059,0.0036,0.0081,0.0015,3.5e-05,-0.008703
2016-11-03,-0.007719533,-0.004,-0.0038,0.0102,0.0011,0.0079,3.5e-05,-0.007755
2016-11-04,-0.003796168,-0.0012,0.0084,-0.0043,-0.0011,-0.0007,3.5e-05,-0.003831
2016-11-07,0.02233904,0.0223,0.0018,-0.0015,-0.0028,-0.0018,3.5e-05,0.022304
2016-11-08,0.005398634,0.004,-0.0011,-0.0019,0.0,0.0029,3.5e-05,0.005364
2016-11-09,0.007672619,0.0146,0.0206,0.0099,-0.0085,0.0074,3.5e-05,0.007638
2016-11-10,-0.00638435,0.0032,0.0143,0.018,-0.0031,0.0037,3.5e-05,-0.006419
2016-11-11,-0.002660362,0.0018,0.0251,-0.0004,0.0009,-0.0035,3.5e-05,-0.002695
2016-11-14,-0.0112118,0.0021,0.0087,0.0142,-0.0013,0.0035,3.5e-05,-0.011247
2016-11-15,0.01381953,0.008,-0.0054,0.0015,-0.0051,0.0018,3.5e-05,0.013785
2016-11-16,0.001167109,-0.0012,0.0023,-0.0056,0.0082,-0.0017,3.5e-05,0.001132
2016-11-17,0.006038701,0.0056,0.0016,-0.0013,0.0025,-0.0047,3.5e-05,0.006004
2016-11-18,-0.001351562,-0.0016,0.0057,0.0039,-0.0019,0.001,3.5e-05,-0.001387
2016-11-21,0.01300802,0.0077,-0.0026,0.0009,-0.0004,0.0031,3.5e-05,0.012973
2016-11-22,0.003274137,0.0031,0.0063,0.0059,0.0076,0.0031,3.5e-05,0.003239
2016-11-23,-0.0009999978,0.0016,0.0058,0.0018,-0.0027,0.0018,3.5e-05,-0.001035
2016-11-25,0.003397792,0.004,-0.0007,-0.0025,0.0022,-0.0015,3.5e-05,0.003363
2016-11-28,-0.00423824,-0.0064,-0.0079,0.0006,0.0058,-0.0034,3.5e-05,-0.004273
2016-11-29,-0.0008203223,0.0011,-0.004,-0.0007,0.0042,-0.0049,3.5e-05,-0.000855
2016-11-30,-0.007464989,-0.0025,-0.0017,0.0224,-0.0144,0.0197,3.5e-05,-0.0075
2016-12-01,-0.001886044,-0.0036,-0.004,0.0204,0.0028,0.0062,3.5e-05,-0.001921
2016-12-02,-0.0005778728,0.0,0.0,-0.0032,-0.0003,0.0008,3.5e-05,-0.000613
2016-12-05,0.007873774,0.0075,0.0113,0.0028,-0.0025,-0.0018,3.5e-05,0.007839
2016-12-06,0.004107709,0.0048,0.0064,0.0023,-0.0013,-0.001,3.5e-05,0.004073
2016-12-07,0.009996244,0.0126,-0.005,0.0053,0.0081,-0.0001,3.5e-05,0.009961
2016-12-08,0.002134856,0.0036,0.0124,0.0059,-0.0027,-0.001,3.5e-05,0.0021
2016-12-09,0.007882327,0.0046,-0.0036,0.0013,-0.0012,-0.0005,3.5e-05,0.007847
2016-12-12,0.003585347,-0.003,-0.0097,-0.001,-0.0006,0.0007,3.5e-05,0.00355
2016-12-13,0.01051002,0.006,-0.0057,-0.0028,0.0002,-0.0017,3.5e-05,0.010475
2016-12-14,-0.006254868,-0.0082,-0.0038,-0.0028,0.0044,-0.0052,3.5e-05,-0.00629
2016-12-15,0.002783163,0.0046,0.0045,0.0028,0.0004,0.0005,3.5e-05,0.002748
2016-12-16,-0.0002976925,-0.0022,-0.0003,-0.0042,-0.0017,0.0,3.5e-05,-0.000333
2016-12-19,0.005262825,0.0022,0.0032,0.0009,0.0027,0.0004,3.5e-05,0.005228
2016-12-20,0.003943186,0.0044,0.005,0.0068,0.0009,0.0007,3.5e-05,0.003908
2016-12-21,-0.0009707354,-0.0024,-0.0035,0.0023,0.0014,0.0006,3.5e-05,-0.001006
2016-12-22,-0.001127228,-0.003,-0.0077,0.0024,-0.0023,0.0006,3.5e-05,-0.001162
2016-12-23,-0.0005340277,0.0019,0.0053,-0.0051,-0.0028,-0.0014,3.5e-05,-0.000569
2016-12-27,0.003021124,0.0027,0.0023,0.0013,0.0019,0.0003,3.5e-05,0.002986
2016-12-28,-0.005070219,-0.0087,-0.0031,0.0009,0.0012,-0.0016,3.5e-05,-0.005105
2016-12-29,-0.001678083,-0.0004,0.0009,-0.0031,0.0026,0.0005,3.5e-05,-0.001713
2016-12-30,-0.006255716,-0.0052,-0.0005,0.002,-0.0014,0.0006,3.5e-05,-0.006291
2017-01-03,0.007604546,0.0083,-0.0009,0.0008,-0.0017,0.0027,4.5e-05,0.00756
2017-01-04,-0.0001744759,0.0079,0.0097,-0.0015,-0.0032,-0.0003,4.5e-05,-0.000219
2017-01-05,0.003374068,-0.0021,-0.0099,-0.008,-0.0008,-0.0009,4.5e-05,0.003329
2017-01-06,0.004458314,0.0029,-0.007,-0.0031,-0.0023,-0.0029,4.5e-05,0.004413
2017-01-09,-0.001564893,-0.0037,-0.0031,-0.0104,0.0024,-0.0052,4.5e-05,-0.00161
2017-01-10,-0.002054852,0.0016,0.0102,0.0056,-0.001,0.0006,4.5e-05,-0.0021
2017-01-11,0.004014052,0.0031,-0.0023,0.0053,0.0014,0.0028,4.5e-05,0.003969
2017-01-12,4.83179e-05,-0.003,-0.0065,-0.0088,0.0005,-0.0029,4.5e-05,3e-06
2017-01-13,0.002295859,0.0029,0.0062,-0.0008,-0.0022,-0.0015,4.5e-05,0.002251
2017-01-17,-0.00320853,-0.0049,-0.0097,-0.0059,0.0053,0.0042,4.5e-05,-0.003254
2017-01-18,-0.002325902,0.0024,0.0021,0.0024,-0.0007,-0.001,4.5e-05,-0.002371
2017-01-19,-0.003510836,-0.0038,-0.0053,-0.0004,-0.0001,-0.0003,4.5e-05,-0.003556
2017-01-20,0.001211726,0.0033,0.0008,0.0019,0.0007,-0.0001,4.5e-05,0.001167
2017-01-23,0.0006943771,-0.0029,-0.0005,-0.0031,0.0045,-0.0037,4.5e-05,0.000649
2017-01-24,0.0005261135,0.0083,0.0079,0.0081,-0.0015,0.005,4.5e-05,0.000481
2017-01-25,0.01029269,0.0084,0.002,0.0036,-0.0026,-0.0014,4.5e-05,0.010248
2017-01-26,0.00369208,-0.001,-0.0058,0.0038,-0.0012,-0.0017,4.5e-05,0.003647
2017-01-27,0.00281606,-0.0012,-0.0004,-0.0066,0.0011,0.0007,4.5e-05,0.002771
2017-01-30,-0.006042422,-0.0068,-0.0074,-0.0042,0.0058,-0.0015,4.5e-05,-0.006087
2017-01-31,-0.005579048,0.0,0.0082,-0.0055,-0.0041,-0.0021,4.5e-05,-0.005624
2017-02-01,0.007455833,0.0004,-0.0005,0.0003,0.0025,-0.0025,4.5e-05,0.007411
2017-02-02,-0.003701221,-0.0002,-0.0032,-0.0031,-0.0024,0.002,4.5e-05,-0.003746
2017-02-03,0.001410084,0.0082,0.0066,0.0064,-0.0046,0.0035,4.5e-05,0.001365
2017-02-06,-0.0001876639,-0.0027,-0.0061,-0.002,0.0008,-0.0021,4.5e-05,-0.000233
2017-02-07,0.0002562437,-0.0001,-0.0038,-0.0052,0.0043,-0.0023,4.5e-05,0.000211
2017-02-08,0.001219057,0.0006,-0.0028,-0.0053,0.0034,-0.0011,4.5e-05,0.001174
2017-02-09,0.005873547,0.0072,0.0073,0.0002,-0.0027,0.0003,4.5e-05,0.005829
2017-02-10,0.002985417,0.0038,0.0039,0.0012,-0.0002,0.0016,4.5e-05,0.00294
2017-02-13,0.00530425,0.0049,-0.0028,0.0032,-0.0004,0.0005,4.5e-05,0.005259
2017-02-14,0.004829905,0.0045,-0.0016,0.0033,-0.0044,-0.0007,4.5e-05,0.004785
2017-02-15,0.00463412,0.0054,0.0015,-0.0044,0.0029,-0.0008,4.5e-05,0.004589
2017-02-16,0.0007035348,-0.0016,-0.0021,-0.0003,0.0025,-0.0022,4.5e-05,0.000659
2017-02-17,0.0003053892,0.002,-0.0006,-0.0057,0.0006,-0.0038,4.5e-05,0.00026
2017-02-21,0.005335265,0.006,0.0004,0.0013,0.0034,0.0035,4.5e-05,0.00529
2017-02-22,-0.0004402091,-0.0015,-0.0039,0.0011,0.0044,-0.0034,4.5e-05,-0.000485
2017-02-23,0.002896663,-0.0011,-0.0073,0.0026,-0.0028,-0.0045,4.5e-05,0.002852
2017-02-24,0.0007358716,0.0015,-0.001,-0.0092,0.0031,-0.0021,4.5e-05,0.000691
2017-02-27,-0.001090284,0.0022,0.0085,-0.0034,-0.0035,-0.0011,4.5e-05,-0.001135
2017-02-28,-0.002364761,-0.0042,-0.0135,0.002,-0.0002,-0.0014,4.5e-05,-0.00241
2017-03-01,0.01609442,0.0147,0.0053,0.0072,-0.0051,0.0055,3.5e-05,0.016059
2017-03-02,-0.004813158,-0.007,-0.0056,-0.0088,0.0053,-0.0047,3.5e-05,-0.004848
2017-03-03,0.0009354646,0.0009,-0.0016,0.0013,0.0002,-0.0008,3.5e-05,0.0009
2017-03-06,-0.001741961,-0.0038,-0.0041,-0.001,-0.0001,0.0,3.5e-05,-0.001777
2017-03-07,-0.00146108,-0.0036,-0.0035,-0.0005,0.0008,-0.0025,3.5e-05,-0.001496
2017-03-08,-0.0009900951,-0.0019,-0.0017,-0.0082,0.005,-0.0073,3.5e-05,-0.001025
2017-03-09,0.002948551,0.0004,-0.0051,-0.0027,-0.0054,-0.0016,3.5e-05,0.002914
2017-03-10,0.004288249,0.0034,0.0007,-0.0038,0.0027,0.0002,3.5e-05,0.004253
2017-03-13,-0.0006386853,0.0013,0.0033,-0.0003,-0.0008,0.0006,3.5e-05,-0.000674
2017-03-14,-0.003178302,-0.0036,-0.0023,0.0002,0.0046,-0.0025,3.5e-05,-0.003213
2017-03-15,0.007608579,0.0086,0.0072,-0.0041,-0.0009,0.0055,3.5e-05,0.007574
2017-03-16,-0.0006071226,-0.0006,0.0044,0.0024,-0.0011,-0.0038,3.5e-05,-0.000642
2017-03-17,-0.001095188,-0.0008,0.0055,-0.0026,0.0013,-0.0002,3.5e-05,-0.00113
2017-03-20,0.0001526707,-0.0025,-0.0016,-0.0075,-0.0012,-0.0003,3.5e-05,0.000118
2017-03-21,-0.01182345,-0.0148,-0.0141,-0.0069,0.0078,0.0029,3.5e-05,-0.011858
2017-03-22,0.002793521,0.0016,-0.0033,-0.0054,0.0016,-0.0013,3.5e-05,0.002759
2017-03-23,-0.000823046,-0.0003,0.0074,0.0046,-0.0006,0.0019,3.5e-05,-0.000858
2017-03-24,-0.0005172091,-0.0005,0.0011,-0.0023,-0.0024,-0.0032,3.5e-05,-0.000552
2017-03-27,-0.0007682724,-0.0005,0.0047,-0.0052,-0.0018,-0.0028,3.5e-05,-0.000803
2017-03-28,0.008254166,0.0072,-0.0006,0.0071,0.0002,0.0038,3.5e-05,0.008219
2017-03-29,0.002736337,0.0018,0.0034,-0.0006,-0.0019,0.0013,3.5e-05,0.002701
2017-03-30,0.004874154,0.0036,0.004,0.0092,-0.0016,-0.0015,3.5e-05,0.004839
2017-03-31,-0.003588227,-0.0016,0.0055,-0.003,0.0016,0.0008,3.5e-05,-0.003623
2017-04-03,0.0004639511,-0.0028,-0.0115,-0.0011,-0.0017,-0.0007,5.5e-05,0.000409
2017-04-04,0.00422116,0.0005,-0.0024,0.0031,-0.001,0.0018,5.5e-05,0.004166
2017-04-05,-0.002236086,-0.0044,-0.0083,-0.0031,0.0038,-0.0009,5.5e-05,-0.002291
2017-04-06,-0.001909662,0.0032,0.0075,0.005,-0.0012,0.0037,5.5e-05,-0.001965
2017-04-07,-0.0016998,-0.0008,0.0009,-0.0026,0.0001,-0.0004,5.5e-05,-0.001755
2017-04-10,0.0004228169,0.0008,0.0015,0.001,0.002,0.0048,5.5e-05,0.000368
2017-04-11,-0.003505995,-0.0005,0.008,0.0025,0.0018,0.0019,5.5e-05,-0.003561
2017-04-12,-0.0008231066,-0.0049,-0.0095,-0.0054,-0.0006,-0.0054,5.5e-05,-0.000878
2017-04-13,-0.007578336,-0.0075,-0.0033,-0.0079,0.0004,-0.0035,5.5e-05,-0.007633
2017-04-17,0.008091851,0.0089,0.0029,0.0022,0.001,-0.0015,5.5e-05,0.008037
2017-04-18,-0.005249802,-0.0025,0.0031,-0.0016,0.0033,0.001,5.5e-05,-0.005305
2017-04-19,-0.002030059,-0.0008,0.0056,-0.0039,0.0038,-0.0085,5.5e-05,-0.002085
2017-04-20,0.00763735,0.0083,0.0058,0.0027,0.0024,-0.0019,5.5e-05,0.007582
2017-04-21,-0.004837015,-0.0028,0.0006,-0.0014,0.004,-0.002,5.5e-05,-0.004892
2017-04-24,0.01122067,0.0118,0.0027,0.0051,-0.0002,0.0015,5.5e-05,0.011166
2017-04-25,0.003839495,0.0066,0.0039,-0.0005,-0.003,0.003,5.5e-05,0.003784
2017-04-26,-3.164122e-05,0.0004,0.0074,0.0031,0.002,0.0001,5.5e-05,-8.7e-05
2017-04-27,-0.0003733569,0.0005,-0.002,-0.0096,0.0031,-0.0059,5.5e-05,-0.000428
2017-04-28,0.001312781,-0.003,-0.0074,-0.006,0.0007,-0.0021,5.5e-05,0.001258
2017-05-01,0.007074108,0.0021,0.0026,-0.0013,-0.001,-0.0051,5.5e-05,0.007019
2017-05-02,-2.729657e-05,0.0003,-0.0046,-0.0021,0.0041,-0.0033,5.5e-05,-8.2e-05
2017-05-03,-0.00155686,-0.0019,-0.0052,0.002,-0.0005,0.0013,5.5e-05,-0.001612
2017-05-04,-0.003923717,0.0002,-0.0012,-0.0036,0.004,-0.007,5.5e-05,-0.003979
2017-05-05,0.002978644,0.0046,0.0009,0.0005,-0.0022,0.0066,5.5e-05,0.002924
2017-05-08,0.005832597,-0.0004,-0.0024,0.0028,0.0009,0.0005,5.5e-05,0.005778
2017-05-09,-0.001914627,-0.0005,0.004,-0.0078,0.0037,-0.0037,5.5e-05,-0.00197
2017-05-10,0.0001159261,0.0021,0.0025,0.0002,-0.0025,0.0036,5.5e-05,6.1e-05
2017-05-11,0.000846245,-0.0026,-0.0041,-0.0015,-0.0032,-0.0001,5.5e-05,0.000791
2017-05-12,0.001092059,-0.0018,-0.0037,-0.0061,-0.0023,-0.0033,5.5e-05,0.001037
2017-05-15,0.003121249,0.0053,0.0026,0.002,-0.003,0.0005,5.5e-05,0.003066
2017-05-16,0.001696061,-0.0003,0.0011,-0.0009,-0.0022,-0.0014,5.5e-05,0.001641
2017-05-17,-0.02349494,-0.0197,-0.0099,-0.0054,0.005,0.003,5.5e-05,-0.02355
2017-05-18,0.007108764,0.004,0.0001,-0.0039,-0.0029,-0.0061,5.5e-05,0.007054
2017-05-19,0.0053133,0.007,-0.0034,0.004,-0.0003,0.0079,5.5e-05,0.005258
2017-05-22,0.004466237,0.0056,0.0024,-0.003,-0.0005,-0.0032,5.5e-05,0.004411
2017-05-23,0.002786132,0.0018,0.0,0.0061,-0.0026,0.0007,5.5e-05,0.002731
2017-05-24,-0.000396659,0.0024,-0.0021,-0.0049,0.0021,-0.0031,5.5e-05,-0.000452
2017-05-25,0.003090105,0.0042,-0.0035,-0.0077,0.0063,-0.0064,5.5e-05,0.003035
2017-05-26,-0.0005240349,0.0006,-0.0002,0.0009,0.0018,0.0015,5.5e-05,-0.000579
2017-05-30,-0.0004148364,-0.0019,-0.0054,-0.0032,0.0061,-0.0003,5.5e-05,-0.00047
2017-05-31,-0.004579674,-0.0002,-0.0005,-0.0056,0.0026,-0.0009,5.5e-05,-0.004635
2017-06-01,0.005245297,0.0095,0.01,0.0003,-0.0016,0.0004,5.5e-05,0.00519
2017-06-02,0.006554505,0.0035,0.0043,-0.0077,0.0027,-0.0048,5.5e-05,0.0065
2017-06-05,0.001776397,-0.0017,-0.0046,0.0,-0.0019,0.0001,5.5e-05,0.001721
2017-06-06,0.0009477195,-0.0028,0.0011,-0.0006,-0.0051,0.0036,5.5e-05,0.000893
2017-06-07,0.001356778,0.0015,-0.0014,0.0001,0.0053,-0.0069,5.5e-05,0.001302
2017-06-08,-6.901713e-05,0.0018,0.0121,0.0092,-0.007,-0.0003,5.5e-05,-0.000124
2017-06-09,-0.006220028,-0.0012,0.0026,0.0237,-0.0032,0.0113,5.5e-05,-0.006275
2017-06-12,0.0002398515,-0.0011,-0.0019,0.0036,-0.0002,0.0061,5.5e-05,0.000185
2017-06-13,0.0033734,0.0055,0.0006,-0.0014,-0.0024,-0.0008,5.5e-05,0.003318
2017-06-14,-0.002225739,-0.0017,-0.0055,-0.0055,0.0011,-0.0052,5.5e-05,-0.002281
2017-06-15,-0.0009055699,-0.003,-0.003,-0.0012,0.0002,-0.0007,5.5e-05,-0.000961
2017-06-16,0.004767861,-0.0003,-0.0026,-0.0018,-0.0049,0.0014,5.5e-05,0.004713
2017-06-19,0.00736838,0.0086,0.0011,-0.0074,-0.0002,-0.0009,5.5e-05,0.007313
2017-06-20,-0.007726134,-0.0073,-0.0044,-0.0051,-0.0023,-0.0025,5.5e-05,-0.007781
2017-06-21,-0.000437596,-0.0007,-0.0021,-0.0168,-0.001,-0.0115,5.5e-05,-0.000493
2017-06-22,-0.001415226,0.0002,0.0047,-0.0042,-0.001,-0.0004,5.5e-05,-0.00147
2017-06-23,0.00395419,0.0024,0.0075,-0.005,-0.0033,0.0004,5.5e-05,0.003899
2017-06-26,-0.002895401,0.0004,0.0007,0.0068,0.0026,0.0018,5.5e-05,-0.00295
2017-06-27,-0.01092266,-0.0084,-0.0022,0.0132,0.0029,0.0033,5.5e-05,-0.010978
2017-06-28,0.008080802,0.0102,0.008,0.0022,-0.0016,-0.0008,5.5e-05,0.008026
2017-06-29,-0.008583267,-0.0083,0.0007,0.0138,-0.0026,0.0036,5.5e-05,-0.008638
2017-06-30,0.0003664224,0.0014,-0.001,-0.0025,0.0021,0.0029,5.5e-05,0.000311
2017-07-03,0.002439441,0.0024,0.0043,0.012,-0.0063,0.0065,6.5e-05,0.002374
2017-07-05,0.005102195,0.0012,-0.0069,-0.0055,0.0019,-0.0068,6.5e-05,0.005037
2017-07-06,-0.01155245,-0.0095,-0.0044,0.0012,0.0021,-0.0001,6.5e-05,-0.011617
2017-07-07,0.005536342,0.007,0.0041,-0.0041,0.0024,-0.0051,6.5e-05,0.005471
2017-07-10,0.002419376,0.0005,-0.0044,-0.0009,-0.0009,-0.001,6.5e-05,0.002354
2017-07-11,0.002063408,0.0,0.003,-0.0053,-0.0035,0.0015,6.5e-05,0.001998
2017-07-12,0.008483773,0.0072,0.0006,-0.0053,0.0016,-0.0023,6.5e-05,0.008419
2017-07-13,0.001537332,0.0017,-0.0001,0.0037,0.0,0.0021,6.5e-05,0.001472
2017-07-14,0.00341417,0.0042,-0.0022,-0.005,0.0022,0.0004,6.5e-05,0.003349
2017-07-17,0.0004583387,0.0,0.0022,0.0013,0.0016,0.0007,6.5e-05,0.000393
2017-07-18,0.004337632,0.0004,-0.0035,-0.0033,0.0008,-0.0042,6.5e-05,0.004273
2017-07-19,0.004442378,0.0059,0.0047,0.0004,-0.0027,0.0013,6.5e-05,0.004377
2017-07-20,0.001802909,-0.0001,0.0004,-0.0001,0.0009,-0.0023,6.5e-05,0.001738
2017-07-21,-0.006787503,-0.0008,-0.0042,-0.0028,0.0012,-0.0029,6.5e-05,-0.006853
2017-07-24,-0.001109978,-0.0003,0.0012,-0.002,-0.0023,-0.0039,6.5e-05,-0.001175
2017-07-25,0.002457798,0.0038,0.0043,0.0092,-0.0024,0.007,6.5e-05,0.002393
2017-07-26,0.006438353,-0.0006,-0.0046,-0.007,-0.0019,0.0004,6.5e-05,0.006373
2017-07-27,0.004062882,-0.0014,-0.0066,0.0043,0.0019,0.0041,6.5e-05,0.003998
2017-07-28,-0.005840104,-0.0017,-0.0007,0.0023,-0.0018,0.0018,6.5e-05,-0.005905
2017-07-31,-0.004336845,-0.0011,-0.0025,0.0044,-0.0006,0.0014,6.5e-05,-0.004402
2017-08-01,0.002563181,0.0024,-0.0018,0.0018,0.0022,-0.0047,6.5e-05,0.002498
2017-08-02,0.003364646,-0.0008,-0.0115,0.0016,0.0005,-0.0034,6.5e-05,0.0033
2017-08-03,-0.001551186,-0.0021,-0.0034,-0.0029,0.003,-0.0028,6.5e-05,-0.001616
2017-08-04,0.003541872,0.0025,0.0034,0.0036,-0.0007,0.0002,6.5e-05,0.003477
2017-08-07,0.003069473,0.0016,-0.0011,-0.0059,0.0025,-0.0037,6.5e-05,0.003004
2017-08-08,-0.00120702,-0.0024,-0.0011,0.0021,-0.0034,-0.0015,6.5e-05,-0.001272
2017-08-09,0.0009083256,-0.0014,-0.0081,-0.0012,0.0011,0.0004,6.5e-05,0.000843
2017-08-10,-0.015087,-0.0149,-0.0032,0.0024,0.0025,0.0012,6.5e-05,-0.015152
2017-08-11,0.00228788,0.002,0.0018,-0.0086,0.0042,-0.0011,6.5e-05,0.002223
2017-08-14,0.01038316,0.0103,0.0029,0.0005,0.0001,-0.0043,6.5e-05,0.010318
2017-08-15,-0.0006637383,-0.0011,-0.0086,-0.0003,-0.0017,-0.0026,6.5e-05,-0.000729
2017-08-16,-0.001852995,0.0018,-0.0014,-0.0045,0.0036,-0.0013,6.5e-05,-0.001918
2017-08-17,-0.01582795,-0.0159,-0.0018,-0.0016,-0.0006,0.0012,6.5e-05,-0.015893
2017-08-18,-0.001281312,-0.0015,0.0014,0.0021,-0.0026,-0.0001,6.5e-05,-0.001346
2017-08-21,-0.0005524939,0.0006,-0.0028,-0.0022,0.0021,-0.0009,6.5e-05,-0.000617
2017-08-22,0.01057625,0.0107,-0.0002,-0.0025,-0.002,0.0012,6.5e-05,0.010511
2017-08-23,-0.004907091,-0.0032,0.0013,0.0041,-0.0049,0.001,6.5e-05,-0.004972
2017-08-24,-0.003447341,-0.0014,0.0058,0.0018,-0.0045,0.0009,6.5e-05,-0.003512
2017-08-25,0.001319438,0.0018,0.0016,0.0057,0.001,0.0024,6.5e-05,0.001254
2017-08-28,0.0009391815,0.0008,0.0032,-0.0074,0.0023,-0.0019,6.5e-05,0.000874
2017-08-29,0.002170006,0.001,0.0009,-0.0039,0.0006,0.0009,6.5e-05,0.002105
2017-08-30,0.00210598,0.0053,0.0002,-0.0031,0.0017,-0.0045,6.5e-05,0.002041
2017-08-31,0.005960509,0.0062,0.004,-0.0042,-0.0026,-0.0009,6.5e-05,0.005896
2017-09-01,0.001510892,0.0027,0.0043,0.0045,-0.0008,0.0036,7.5e-05,0.001436
2017-09-05,-0.009750631,-0.0081,-0.0002,-0.0096,-0.0004,0.0053,7.5e-05,-0.009826
2017-09-06,0.003661595,0.0028,-0.0001,0.0013,-0.003,0.0009,7.5e-05,0.003587
2017-09-07,-0.004223353,-0.0007,0.0001,-0.0094,0.0003,0.0007,7.5e-05,-0.004298
2017-09-08,-0.007746001,-0.0016,0.0013,0.0036,0.0022,-0.0014,7.5e-05,-0.007821
2017-09-11,0.01045428,0.0108,-0.0009,0.0063,-0.0041,-0.0011,7.5e-05,0.010379
2017-09-12,0.003348002,0.0043,0.0034,0.0071,0.0007,0.0018,7.5e-05,0.003273
2017-09-13,0.00429769,0.0011,0.003,0.0036,-0.0039,0.0009,7.5e-05,0.004223
2017-09-14,-0.002097224,-0.0012,-0.0005,-0.0006,-0.0035,0.0023,7.5e-05,-0.002172
2017-09-15,0.004720274,0.0019,0.0024,0.0012,0.0023,0.0001,7.5e-05,0.004645
2017-09-18,0.002255974,0.0024,0.0041,0.0021,-0.0047,0.002,7.5e-05,0.002181
2017-09-19,0.00403595,0.0015,-0.0021,0.0035,0.0003,0.0007,7.5e-05,0.003961
2017-09-20,-0.00165505,0.0016,0.0027,0.005,-0.002,0.0029,7.5e-05,-0.00173
2017-09-21,-0.004925715,-0.0028,0.0017,0.0037,0.0001,-0.0008,7.5e-05,-0.005001
2017-09-22,-0.001138617,0.0012,0.0044,0.0013,0.0038,0.0028,7.5e-05,-0.001214
2017-09-25,-0.006421706,-0.0025,0.0033,0.0063,-0.0036,0.0065,7.5e-05,-0.006497
2017-09-26,-6.175393e-05,0.0005,0.0045,0.0013,0.0057,-0.0012,7.5e-05,-0.000137
2017-09-27,0.004620717,0.0063,0.0142,0.0018,-0.0026,-0.0052,7.5e-05,0.004546
2017-09-28,0.001899439,0.0013,0.0016,-0.0007,-0.0011,-0.0019,7.5e-05,0.001824
2017-09-29,0.003951686,0.0035,-0.0011,-0.0028,-0.0003,-0.0035,7.5e-05,0.003877
2017-10-02,0.002524394,0.005,0.0087,0.0016,-0.0025,0.0026,6.5e-05,0.002459
2017-10-03,0.003640494,0.0026,-0.0002,-0.0002,0.0003,-0.0011,6.5e-05,0.003575
2017-10-04,-0.001915407,0.0005,-0.0034,-0.0044,-0.0005,0.0,6.5e-05,-0.00198
2017-10-05,0.009279578,0.0055,-0.0031,0.0035,-0.0024,-0.0017,6.5e-05,0.009215
2017-10-06,-0.0008822405,-0.0008,-0.0009,-0.0025,0.0019,-0.0036,6.5e-05,-0.000947
2017-10-09,-0.004023232,-0.0022,-0.003,-0.0004,0.0011,-0.0017,6.5e-05,-0.004088
2017-10-10,0.0007959482,0.0024,0.0,0.0042,0.0004,0.0008,6.5e-05,0.000731
2017-10-11,0.002410588,0.0016,-0.0026,-0.0021,-0.0009,-0.0006,6.5e-05,0.002346
2017-10-12,-0.006765471,-0.0018,-0.001,-0.0051,0.0021,0.0011,6.5e-05,-0.00683
2017-10-13,0.0008921947,0.0004,-0.0028,0.001,0.0023,0.0001,6.5e-05,0.000827
2017-10-16,0.009032356,0.0017,-0.0026,0.0036,0.0003,-0.0008,6.5e-05,0.008967
2017-10-17,0.004783645,0.0001,-0.0037,-0.0032,0.0036,-0.0022,6.5e-05,0.004719
2017-10-18,-0.003712709,0.0014,0.0036,0.0021,0.0032,-0.0014,6.5e-05,-0.003778
2017-10-19,-0.0009534501,0.0002,-0.0034,0.0017,0.0013,0.0004,6.5e-05,-0.001018
2017-10-20,0.004401568,0.0057,0.0001,0.0028,0.0008,0.0004,6.5e-05,0.004337
2017-10-23,-0.0112735,-0.0045,-0.0038,0.0012,0.0025,-0.0026,6.5e-05,-0.011338
2017-10-24,-0.0006758051,0.002,-0.0009,0.0047,0.0005,-0.0014,6.5e-05,-0.000741
2017-10-25,-0.007999334,-0.0051,0.0001,0.0011,0.0025,-0.0043,6.5e-05,-0.008064
2017-10-26,0.001322391,0.002,0.0005,0.0022,0.001,-0.0017,6.5e-05,0.001257
2017-10-27,0.02903468,0.0082,-0.0006,-0.01,0.0013,-0.0132,6.5e-05,0.02897
2017-10-30,-0.0006018505,-0.0046,-0.0075,-0.0005,-0.0055,-0.0041,6.5e-05,-0.000667
2017-10-31,-0.002428044,0.0023,0.0076,-0.0022,-0.0017,0.0022,6.5e-05,-0.002493
2017-11-01,0.0004184152,0.0005,-0.008,0.0014,-0.0006,-0.0008,6.5e-05,0.000353
2017-11-02,-0.002708007,0.0006,0.0,0.005,-0.0025,0.0034,6.5e-05,-0.002773
2017-11-03,0.005791952,0.0031,-0.0052,-0.0066,-0.0016,-0.0015,6.5e-05,0.005727
2017-11-06,0.001538867,0.0006,0.0016,0.0019,-0.0057,0.0004,6.5e-05,0.001474
2017-11-07,-0.0009118226,-0.002,-0.0142,-0.0039,0.0043,-0.0003,6.5e-05,-0.000977
2017-11-08,0.002411893,0.0012,-0.0002,-0.0062,0.0062,-0.0001,6.5e-05,0.002347
2017-11-09,-0.0003388707,-0.0041,0.0,0.0022,-0.0004,0.0008,6.5e-05,-0.000404
2017-11-10,0.0008379883,0.0001,0.0005,-0.0038,0.0016,0.0015,6.5e-05,0.000773
2017-11-13,-0.007438302,0.0009,-0.0029,0.0002,0.0008,-0.0074,6.5e-05,-0.007503
2017-11-14,-0.01096313,-0.0022,-0.0007,0.0,0.0096,-0.0041,6.5e-05,-0.011028
2017-11-15,-0.001516185,-0.0052,0.0004,0.0024,-0.0009,0.0015,6.5e-05,-0.001581
2017-11-16,0.00520761,0.0101,0.0079,-0.0052,0.0057,0.0034,6.5e-05,0.005143
2017-11-17,-0.004559825,-0.0014,0.0073,0.0029,-0.0018,0.0035,6.5e-05,-0.004625
2017-11-20,-7.509387e-05,0.0021,0.0063,0.0001,0.0026,0.0,6.5e-05,-0.00014
2017-11-21,0.005668034,0.0067,0.0035,-0.0036,0.0003,-0.0062,6.5e-05,0.005603
2017-11-22,0.00426785,-0.0005,0.0008,-0.0004,-0.0025,0.0016,6.5e-05,0.004203
2017-11-24,0.004962345,0.0021,0.0001,-0.0044,0.0005,-0.0008,6.5e-05,0.004897
2017-11-27,0.0003751095,-0.0006,-0.0031,0.0003,0.006,-0.001,6.5e-05,0.00031
2017-11-28,0.01046227,0.0106,0.0056,0.0084,0.0033,0.0002,6.5e-05,0.010397
2017-11-29,-0.00477528,0.0002,0.0029,0.0145,0.0069,0.0059,6.5e-05,-0.00484
2017-11-30,0.005837495,0.0082,-0.0061,-0.005,-0.0025,0.0003,6.5e-05,0.005772
2017-12-01,-0.004154582,-0.0022,-0.0033,0.0036,-0.0042,0.0032,6.5e-05,-0.00422
2017-12-04,-0.005577832,-0.001,-0.0015,0.0122,0.0093,0.0056,6.5e-05,-0.005643
2017-12-05,-0.002754906,-0.0043,-0.0046,-0.0024,0.0024,-0.0011,6.5e-05,-0.00282
2017-12-06,0.001828309,-0.0009,-0.005,-0.0051,0.0043,-0.0051,6.5e-05,0.001763
2017-12-07,0.002815298,0.0042,0.0028,-0.0017,-0.0017,0.0007,6.5e-05,0.00275
2017-12-08,0.005510686,0.0051,-0.0043,-0.0014,-0.0005,0.0006,6.5e-05,0.005446
2017-12-11,0.005008784,0.0026,-0.0042,-0.0015,-0.0007,0.0008,6.5e-05,0.004944
2017-12-12,0.005508366,0.0007,-0.0045,0.0052,0.0,0.0009,6.5e-05,0.005443
2017-12-13,-0.00096866,0.0002,0.0063,-0.0088,0.0029,-0.0006,6.5e-05,-0.001034
2017-12-14,-0.003648968,-0.0047,-0.0075,-0.0022,-0.001,-0.0012,6.5e-05,-0.003714
2017-12-15,0.01052625,0.0092,0.0068,0.0003,0.0032,-0.005,6.5e-05,0.010461
2017-12-18,0.002924464,0.0067,0.0081,0.0026,0.0018,0.0016,6.5e-05,0.002859
2017-12-19,-0.006396154,-0.003,-0.0035,-0.0026,0.0015,0.0038,6.5e-05,-0.006461
2017-12-20,-0.002154889,0.0001,0.0038,0.0005,-0.0018,0.0027,6.5e-05,-0.00222
2017-12-21,0.003932849,0.0023,0.0031,0.0062,-0.0071,0.0031,6.5e-05,0.003868
2017-12-22,-0.001359585,-0.0007,-0.0019,-0.002,-0.0005,0.0021,6.5e-05,-0.001425
2017-12-26,-0.002714819,-0.0007,0.0031,-0.0006,-0.0017,0.0056,6.5e-05,-0.00278
2017-12-27,0.001651473,0.0005,-0.0016,-0.0019,0.0006,-0.0012,6.5e-05,0.001586
2017-12-28,0.002316512,0.0022,0.001,0.0003,-0.0009,-0.002,6.5e-05,0.002252
2017-12-29,-0.00622191,-0.0057,-0.003,0.0002,0.0018,0.0014,6.5e-05,-0.006287
