Date,USO
2007-01-03,0.957364
2007-01-04,0.918411
2007-01-05,0.926938
2007-01-08,0.920349
2007-01-09,0.916667
2007-01-10,0.87907
2007-01-11,0.859302
2007-01-12,0.864923
2007-01-16,0.839923
2007-01-17,0.856977
2007-01-18,0.837791
2007-01-19,0.861047
2007-01-22,0.849612
2007-01-23,0.88469
2007-01-24,0.893411
2007-01-25,0.877326
2007-01-26,0.896899
2007-01-29,0.871512
2007-01-30,0.91783
2007-01-31,0.934884
2007-02-01,0.927132
2007-02-02,0.956202
2007-02-05,0.95155
2007-02-06,0.953682
2007-02-07,0.935078
2007-02-08,0.964147
2007-02-09,0.968799
2007-02-12,0.937403
2007-02-13,0.956589
2007-02-14,0.938954
2007-02-15,0.937016
2007-02-16,0.956395
2007-02-20,0.943217
2007-02-21,0.966279
2007-02-22,0.975388
2007-02-23,0.977907
2007-02-26,0.986434
2007-02-27,0.968023
2007-02-28,0.991861
2007-03-01,0.993023
2007-03-02,0.988566
2007-03-05,0.961628
2007-03-06,0.975194
2007-03-07,0.993992
2007-03-08,0.993992
2007-03-09,0.971124
2007-03-12,0.956395
2007-03-13,0.94845
2007-03-14,0.952326
2007-03-15,0.943217
2007-03-16,0.938372
2007-03-19,0.943799
2007-03-20,0.939147
2007-03-21,0.945736
2007-03-22,0.972481
2007-03-23,0.980039
2007-03-26,0.991667
2007-03-27,0.992248
2007-03-28,1.007752
2007-03-29,1.039147
2007-03-30,1.033915
2007-04-02,1.037985
2007-04-03,1.016667
2007-04-04,1.014147
2007-04-05,1.007946
2007-04-09,0.975775
2007-04-10,0.980814
2007-04-11,0.977907
2007-04-12,1.000969
2007-04-13,0.99845
2007-04-16,0.992248
2007-04-17,0.974612
2007-04-18,0.971705
2007-04-19,0.953876
2007-04-20,0.969961
2007-04-23,0.992636
2007-04-24,0.97655
2007-04-25,0.994574
2007-04-26,0.987209
2007-04-27,1.004651
2007-04-30,0.993023
2007-05-01,0.975969
2007-05-02,0.961047
2007-05-03,0.955039
2007-05-04,0.936047
2007-05-07,0.931395
2007-05-08,0.942636
2007-05-09,0.930426
2007-05-10,0.93314
2007-05-11,0.941279
2007-05-14,0.941085
2007-05-15,0.949419
2007-05-16,0.940504
2007-05-17,0.972093
2007-05-18,0.97093
2007-05-21,0.984884
2007-05-22,0.967442
2007-05-23,0.972287
2007-05-24,0.948256
2007-05-25,0.959302
2007-05-29,0.937985
2007-05-30,0.934302
2007-05-31,0.948837
2007-06-01,0.958527
2007-06-04,0.975775
2007-06-05,0.96938
2007-06-06,0.975
2007-06-07,0.981589
2007-06-08,0.950775
2007-06-11,0.965892
2007-06-12,0.960465
2007-06-13,0.970736
2007-06-14,0.99031
2007-06-15,0.998643
2007-06-18,1.010465
2007-06-19,1.010078
2007-06-20,0.999031
2007-06-21,1.0
2007-06-22,1.00562
2007-06-25,1.006977
2007-06-26,0.990698
2007-06-27,1.005426
2007-06-28,1.016861
2007-06-29,1.027132
2007-07-02,1.037403
2007-07-03,1.037597
2007-07-05,1.049419
2007-07-06,1.05969
2007-07-09,1.053295
2007-07-10,1.060465
2007-07-11,1.059302
2007-07-12,1.060853
2007-07-13,1.076357
2007-07-16,1.08062
2007-07-17,1.078295
2007-07-18,1.096512
2007-07-19,1.106202
2007-07-20,1.104651
2007-07-23,1.092636
2007-07-24,1.068992
2007-07-25,1.113178
2007-07-26,1.089535
2007-07-27,1.118992
2007-07-30,1.114341
2007-07-31,1.134302
2007-08-01,1.11938
2007-08-02,1.118217
2007-08-03,1.093798
2007-08-06,1.050388
2007-08-07,1.053488
2007-08-08,1.051744
2007-08-09,1.042248
2007-08-10,1.039535
2007-08-13,1.043605
2007-08-14,1.050969
2007-08-15,1.068411
2007-08-16,1.038372
2007-08-17,1.047093
2007-08-20,1.037597
2007-08-21,1.016085
2007-08-22,1.014535
2007-08-23,1.020349
2007-08-24,1.039535
2007-08-27,1.052907
2007-08-28,1.047093
2007-08-29,1.07655
2007-08-30,1.075581
2007-08-31,1.081008
2007-09-04,1.099806
2007-09-05,1.10969
2007-09-06,1.116861
2007-09-07,1.11938
2007-09-10,1.139341
2007-09-11,1.142636
2007-09-12,1.162791
2007-09-13,1.166085
2007-09-14,1.158721
2007-09-17,1.175775
2007-09-18,1.202519
2007-09-19,1.198062
2007-09-20,1.214147
2007-09-21,1.204264
2007-09-24,1.198062
2007-09-25,1.183527
2007-09-26,1.195736
2007-09-27,1.229457
2007-09-28,1.212209
2007-10-01,1.193605
2007-10-02,1.19438
2007-10-03,1.187791
2007-10-04,1.213372
2007-10-05,1.206977
2007-10-08,1.177519
2007-10-09,1.189923
2007-10-10,1.209302
2007-10-11,1.232364
2007-10-12,1.24031
2007-10-15,1.276938
2007-10-16,1.298062
2007-10-17,1.291279
2007-10-18,1.321124
2007-10-19,1.301163
2007-10-22,1.289535
2007-10-23,1.275775
2007-10-24,1.317442
2007-10-25,1.358915
2007-10-26,1.379264
2007-10-29,1.405039
2007-10-30,1.347674
2007-10-31,1.419961
2007-11-01,1.398643
2007-11-02,1.440891
2007-11-05,1.425194
2007-11-06,1.460077
2007-11-07,1.443411
2007-11-08,1.435659
2007-11-09,1.449031
2007-11-12,1.410271
2007-11-13,1.374612
2007-11-14,1.406977
2007-11-15,1.401163
2007-11-16,1.432171
2007-11-19,1.443605
2007-11-20,1.498837
2007-11-21,1.481395
2007-11-23,1.487597
2007-11-26,1.477713
2007-11-27,1.439923
2007-11-28,1.391473
2007-11-29,1.388372
2007-11-30,1.354845
2007-12-03,1.370155
2007-12-04,1.344961
2007-12-05,1.331202
2007-12-06,1.376357
2007-12-07,1.345543
2007-12-10,1.344186
2007-12-11,1.361628
2007-12-12,1.432171
2007-12-13,1.418023
2007-12-14,1.400388
2007-12-17,1.393217
2007-12-18,1.378101
2007-12-19,1.398256
2007-12-20,1.397287
2007-12-21,1.430233
2007-12-24,1.43314
2007-12-26,1.471124
2007-12-27,1.477713
2007-12-28,1.470736
2007-12-31,1.468217
2008-01-02,1.520737
2008-01-03,1.518799
2008-01-04,1.498256
2008-01-07,1.463178
2008-01-08,1.474031
2008-01-09,1.458333
2008-01-10,1.434496
2008-01-11,1.416473
2008-01-14,1.438954
2008-01-15,1.410465
2008-01-16,1.392442
2008-01-17,1.37655
2008-01-18,1.386434
2008-01-22,1.367248
2008-01-23,1.346899
2008-01-24,1.374612
2008-01-25,1.393605
2008-01-28,1.402132
2008-01-29,1.414341
2008-01-30,1.416279
2008-01-31,1.402132
2008-02-01,1.365698
2008-02-04,1.38314
2008-02-05,1.359496
2008-02-06,1.337597
2008-02-07,1.352713
2008-02-08,1.412791
2008-02-11,1.444768
2008-02-12,1.426163
2008-02-13,1.43624
2008-02-14,1.468217
2008-02-15,1.471512
2008-02-19,1.527326
2008-02-20,1.537209
2008-02-21,1.498644
2008-02-22,1.523256
2008-02-25,1.525969
2008-02-26,1.552326
2008-02-27,1.529457
2008-02-28,1.57907
2008-02-29,1.558527
2008-03-03,1.575969
2008-03-04,1.53876
2008-03-05,1.614341
2008-03-06,1.625775
2008-03-07,1.622675
2008-03-10,1.659496
2008-03-11,1.673256
2008-03-12,1.684496
2008-03-13,1.690116
2008-03-14,1.67655
2008-03-17,1.614341
2008-03-18,1.662791
2008-03-19,1.594768
2008-03-20,1.575582
2008-03-24,1.555426
2008-03-25,1.578876
2008-03-26,1.643605
2008-03-27,1.661434
2008-03-28,1.635078
2008-03-31,1.576744
2008-04-01,1.57093
2008-04-02,1.623643
2008-04-03,1.621124
2008-04-04,1.644961
2008-04-07,1.68469
2008-04-08,1.689729
2008-04-09,1.722868
2008-04-10,1.708915
2008-04-11,1.714729
2008-04-14,1.737209
2008-04-15,1.772093
2008-04-16,1.785853
2008-04-17,1.790116
2008-04-18,1.817636
2008-04-21,1.82907
2008-04-22,1.842636
2008-04-23,1.844574
2008-04-24,1.806202
2008-04-25,1.853876
2008-04-28,1.854457
2008-04-29,1.802132
2008-04-30,1.792636
2008-05-01,1.75155
2008-05-02,1.810078
2008-05-05,1.874806
2008-05-06,1.906589
2008-05-07,1.934109
2008-05-08,1.950775
2008-05-09,1.97907
2008-05-12,1.940116
2008-05-13,1.971124
2008-05-14,1.942248
2008-05-15,1.942054
2008-05-16,1.981977
2008-05-19,1.992248
2008-05-20,2.021318
2008-05-21,2.099031
2008-05-22,2.047093
2008-05-23,2.072674
2008-05-27,2.020543
2008-05-28,2.052713
2008-05-29,1.981783
2008-05-30,1.997287
2008-06-02,1.997093
2008-06-03,1.950582
2008-06-04,1.918217
2008-06-05,2.014535
2008-06-06,2.173837
2008-06-09,2.113372
2008-06-10,2.074031
2008-06-11,2.150969
2008-06-12,2.156395
2008-06-13,2.116279
2008-06-16,2.112209
2008-06-17,2.106202
2008-06-18,2.149031
2008-06-19,2.071899
2008-06-20,2.115116
2008-06-23,2.149612
2008-06-24,2.150194
2008-06-25,2.102713
2008-06-26,2.192248
2008-06-27,2.204457
2008-06-30,2.202713
2008-07-01,2.220736
2008-07-02,2.264341
2008-07-03,2.263954
2008-07-07,2.227713
2008-07-08,2.130233
2008-07-09,2.125
2008-07-10,2.215891
2008-07-11,2.275
2008-07-14,2.276744
2008-07-15,2.178101
2008-07-16,2.117248
2008-07-17,2.045155
2008-07-18,2.024031
2008-07-21,2.067248
2008-07-22,2.002326
2008-07-23,1.938372
2008-07-24,1.966279
2008-07-25,1.923837
2008-07-28,1.94845
2008-07-29,1.9
2008-07-30,1.979264
2008-07-31,1.937791
2008-08-01,1.95814
2008-08-04,1.889922
2008-08-05,1.852519
2008-08-06,1.849225
2008-08-07,1.868992
2008-08-08,1.796124
2008-08-11,1.79283
2008-08-12,1.773062
2008-08-13,1.816861
2008-08-14,1.797287
2008-08-15,1.77907
2008-08-18,1.768605
2008-08-19,1.797287
2008-08-20,1.821318
2008-08-21,1.903295
2008-08-22,1.793411
2008-08-25,1.804264
2008-08-26,1.819768
2008-08-27,1.853876
2008-08-28,1.809884
2008-08-29,1.799806
2008-09-02,1.728488
2008-09-03,1.713954
2008-09-04,1.686434
2008-09-05,1.667829
2008-09-08,1.66531
2008-09-09,1.59593
2008-09-10,1.607946
2008-09-11,1.579264
2008-09-12,1.579264
2008-09-15,1.478682
2008-09-16,1.453295
2008-09-17,1.501938
2008-09-18,1.534302
2008-09-19,1.601357
2008-09-22,1.698062
2008-09-23,1.669186
2008-09-24,1.644574
2008-09-25,1.680039
2008-09-26,1.670736
2008-09-29,1.493992
2008-09-30,1.589341
2008-10-01,1.542442
2008-10-02,1.46938
2008-10-03,1.458333
2008-10-06,1.387791
2008-10-07,1.404845
2008-10-08,1.400388
2008-10-09,1.348837
2008-10-10,1.28876
2008-10-13,1.313566
2008-10-14,1.260271
2008-10-15,1.176938
2008-10-16,1.15
2008-10-17,1.150581
2008-10-20,1.197674
2008-10-21,1.138954
2008-10-22,1.064535
2008-10-23,1.096899
2008-10-24,1.027132
2008-10-27,0.985465
2008-10-28,1.031395
2008-10-29,1.07907
2008-10-30,1.046512
2008-10-31,1.077326
2008-11-03,1.017248
2008-11-04,1.112016
2008-11-05,1.043411
2008-11-06,0.971899
2008-11-07,0.969767
2008-11-10,0.992829
2008-11-11,0.932364
2008-11-12,0.886628
2008-11-13,0.949612
2008-11-14,0.894961
2008-11-17,0.875194
2008-11-18,0.867636
2008-11-19,0.838372
2008-11-20,0.766473
2008-11-21,0.794574
2008-11-24,0.855233
2008-11-25,0.80155
2008-11-26,0.863178
2008-11-28,0.815698
2008-12-01,0.773062
2008-12-02,0.746124
2008-12-03,0.737403
2008-12-04,0.68624
2008-12-05,0.66376
2008-12-08,0.7
2008-12-09,0.667636
2008-12-10,0.693992
2008-12-11,0.748837
2008-12-12,0.738372
2008-12-15,0.713954
2008-12-16,0.706202
2008-12-17,0.674612
2008-12-18,0.634302
2008-12-19,0.640698
2008-12-22,0.593605
2008-12-23,0.581395
2008-12-24,0.562403
2008-12-26,0.563954
2008-12-29,0.599225
2008-12-30,0.585271
2008-12-31,0.641473
2009-01-02,0.690504
2009-01-05,0.722868
2009-01-06,0.721899
2009-01-07,0.644767
2009-01-08,0.643411
2009-01-09,0.627326
2009-01-12,0.593992
2009-01-13,0.617054
2009-01-14,0.605233
2009-01-15,0.584884
2009-01-16,0.578682
2009-01-20,0.555426
2009-01-21,0.601357
2009-01-22,0.581783
2009-01-23,0.62655
2009-01-26,0.622868
2009-01-27,0.571705
2009-01-28,0.57655
2009-01-29,0.566279
2009-01-30,0.566279
2009-02-02,0.550388
2009-02-03,0.559496
2009-02-04,0.547868
2009-02-05,0.558333
2009-02-06,0.546512
2009-02-09,0.547481
2009-02-10,0.521512
2009-02-11,0.505426
2009-02-12,0.506395
2009-02-13,0.496124
2009-02-17,0.454651
2009-02-18,0.443023
2009-02-19,0.470543
2009-02-20,0.471899
2009-02-23,0.451938
2009-02-24,0.473643
2009-02-25,0.503876
2009-02-26,0.527713
2009-02-27,0.524225
2009-03-02,0.474419
2009-03-03,0.492054
2009-03-04,0.535078
2009-03-05,0.514729
2009-03-06,0.542442
2009-03-09,0.555233
2009-03-10,0.539341
2009-03-11,0.50969
2009-03-12,0.547093
2009-03-13,0.535465
2009-03-16,0.547481
2009-03-17,0.570543
2009-03-18,0.573837
2009-03-19,0.588372
2009-03-20,0.596124
2009-03-23,0.615892
2009-03-24,0.612597
2009-03-25,0.604845
2009-03-26,0.620543
2009-03-27,0.59593
2009-03-30,0.556202
2009-03-31,0.562984
2009-04-01,0.553876
2009-04-02,0.600388
2009-04-03,0.599419
2009-04-06,0.585853
2009-04-07,0.560853
2009-04-08,0.571512
2009-04-09,0.594767
2009-04-13,0.575194
2009-04-14,0.566085
2009-04-15,0.568023
2009-04-16,0.567636
2009-04-17,0.570736
2009-04-20,0.527519
2009-04-21,0.529651
2009-04-22,0.529845
2009-04-23,0.54031
2009-04-24,0.560078
2009-04-27,0.544186
2009-04-28,0.539729
2009-04-29,0.553488
2009-04-30,0.554845
2009-05-01,0.574031
2009-05-04,0.592248
2009-05-05,0.584302
2009-05-06,0.609109
2009-05-07,0.610271
2009-05-08,0.629651
2009-05-11,0.625775
2009-05-12,0.632364
2009-05-13,0.623837
2009-05-14,0.627907
2009-05-15,0.606589
2009-05-18,0.633915
2009-05-19,0.635465
2009-05-20,0.656395
2009-05-21,0.646899
2009-05-22,0.653101
2009-05-26,0.661047
2009-05-27,0.670155
2009-05-28,0.684884
2009-05-29,0.705426
2009-06-01,0.725388
2009-06-02,0.728876
2009-06-03,0.702519
2009-06-04,0.730426
2009-06-05,0.724806
2009-06-08,0.727519
2009-06-09,0.740116
2009-06-10,0.755233
2009-06-11,0.768992
2009-06-12,0.764147
2009-06-15,0.746512
2009-06-16,0.746318
2009-06-17,0.75
2009-06-18,0.752907
2009-06-19,0.735853
2009-06-22,0.702519
2009-06-23,0.725
2009-06-24,0.718798
2009-06-25,0.737403
2009-06-26,0.726938
2009-06-29,0.749419
2009-06-30,0.735078
2009-07-01,0.725969
2009-07-02,0.698643
2009-07-06,0.672674
2009-07-07,0.655233
2009-07-08,0.631202
2009-07-09,0.635078
2009-07-10,0.627519
2009-07-13,0.627326
2009-07-14,0.622287
2009-07-15,0.648643
2009-07-16,0.650388
2009-07-17,0.663566
2009-07-20,0.675
2009-07-21,0.677132
2009-07-22,0.674612
2009-07-23,0.693605
2009-07-24,0.701938
2009-07-27,0.703876
2009-07-28,0.693023
2009-07-29,0.648643
2009-07-30,0.687791
2009-07-31,0.713372
2009-08-03,0.734884
2009-08-04,0.735853
2009-08-05,0.74031
2009-08-06,0.741667
2009-08-07,0.729651
2009-08-10,0.730814
2009-08-11,0.714341
2009-08-12,0.723837
2009-08-13,0.732558
2009-08-14,0.698256
2009-08-17,0.688372
2009-08-18,0.714341
2009-08-19,0.73876
2009-08-20,0.730039
2009-08-21,0.740892
2009-08-24,0.742248
2009-08-25,0.720349
2009-08-26,0.716085
2009-08-27,0.731008
2009-08-28,0.729845
2009-08-31,0.698643
2009-09-01,0.683527
2009-09-02,0.681783
2009-09-03,0.684496
2009-09-04,0.680814
2009-09-08,0.715891
2009-09-09,0.715891
2009-09-10,0.724225
2009-09-11,0.694186
2009-09-14,0.692054
2009-09-15,0.71124
2009-09-16,0.725388
2009-09-17,0.72655
2009-09-18,0.71938
2009-09-21,0.694767
2009-09-22,0.716667
2009-09-23,0.680814
2009-09-24,0.658333
2009-09-25,0.658915
2009-09-28,0.668798
2009-09-29,0.664923
2009-09-30,0.701357
2009-10-01,0.702132
2009-10-02,0.695155
2009-10-05,0.701163
2009-10-06,0.70814
2009-10-07,0.696899
2009-10-08,0.710853
2009-10-09,0.720155
2009-10-12,0.730426
2009-10-13,0.739341
2009-10-14,0.748256
2009-10-15,0.77345
2009-10-16,0.783915
2009-10-19,0.789922
2009-10-20,0.782752
2009-10-21,0.800969
2009-10-22,0.803682
2009-10-23,0.792829
2009-10-26,0.777713
2009-10-27,0.786628
2009-10-28,0.764729
2009-10-29,0.792636
2009-10-30,0.762016
2009-11-02,0.774612
2009-11-03,0.787209
2009-11-04,0.79438
2009-11-05,0.790698
2009-11-06,0.76938
2009-11-09,0.784884
2009-11-10,0.78314
2009-11-11,0.785853
2009-11-12,0.761047
2009-11-13,0.75814
2009-11-16,0.780814
2009-11-17,0.784496
2009-11-18,0.788178
2009-11-19,0.768605
2009-11-20,0.763953
2009-11-23,0.763178
2009-11-24,0.747674
2009-11-25,0.765504
2009-11-27,0.746124
2009-11-30,0.758721
2009-12-01,0.767829
2009-12-02,0.752713
2009-12-03,0.746512
2009-12-04,0.74283
2009-12-07,0.72655
2009-12-08,0.714147
2009-12-09,0.695155
2009-12-10,0.692442
2009-12-11,0.687597
2009-12-14,0.689535
2009-12-15,0.696318
2009-12-16,0.712016
2009-12-17,0.704651
2009-12-18,0.710465
2009-12-21,0.700775
2009-12-22,0.708527
2009-12-23,0.731395
2009-12-24,0.74031
2009-12-28,0.753101
2009-12-29,0.752713
2009-12-30,0.758527
2009-12-31,0.76124
2010-01-04,0.780426
2010-01-05,0.78314
2010-01-06,0.793992
2010-01-07,0.789147
2010-01-08,0.793217
2010-01-11,0.785659
2010-01-12,0.768023
2010-01-13,0.759884
2010-01-14,0.756977
2010-01-15,0.744186
2010-01-19,0.754457
2010-01-20,0.734302
2010-01-21,0.721705
2010-01-22,0.704264
2010-01-25,0.713372
2010-01-26,0.707364
2010-01-27,0.699225
2010-01-28,0.700775
2010-01-29,0.690698
2010-02-01,0.711628
2010-02-02,0.727326
2010-02-03,0.729651
2010-02-04,0.693798
2010-02-05,0.682364
2010-02-08,0.680039
2010-02-09,0.701744
2010-02-10,0.707558
2010-02-11,0.712791
2010-02-12,0.703682
2010-02-16,0.732364
2010-02-17,0.735853
2010-02-18,0.750581
2010-02-19,0.757558
2010-02-22,0.756395
2010-02-23,0.74283
2010-02-24,0.75562
2010-02-25,0.738566
2010-02-26,0.752326
2010-03-01,0.743217
2010-03-02,0.751938
2010-03-03,0.763566
2010-03-04,0.758721
2010-03-05,0.772287
2010-03-08,0.771124
2010-03-09,0.766473
2010-03-10,0.773256
2010-03-11,0.776163
2010-03-12,0.765698
2010-03-15,0.752519
2010-03-16,0.771124
2010-03-17,0.779651
2010-03-18,0.773643
2010-03-19,0.75969
2010-03-22,0.766667
2010-03-23,0.76938
2010-03-24,0.754651
2010-03-25,0.753876
2010-03-26,0.752519
2010-03-29,0.774419
2010-03-30,0.774225
2010-03-31,0.780814
2010-04-01,0.799225
2010-04-05,0.81531
2010-04-06,0.814341
2010-04-07,0.804651
2010-04-08,0.803101
2010-04-09,0.797868
2010-04-12,0.793217
2010-04-13,0.792442
2010-04-14,0.809302
2010-04-15,0.808333
2010-04-16,0.786822
2010-04-19,0.777326
2010-04-20,0.781008
2010-04-21,0.780426
2010-04-22,0.781008
2010-04-23,0.793605
2010-04-26,0.781977
2010-04-27,0.762985
2010-04-28,0.774612
2010-04-29,0.795349
2010-04-30,0.800969
2010-05-03,0.803488
2010-05-04,0.76938
2010-05-05,0.742442
2010-05-06,0.716279
2010-05-07,0.703682
2010-05-10,0.721512
2010-05-11,0.712403
2010-05-12,0.712597
2010-05-13,0.700194
2010-05-14,0.674612
2010-05-17,0.656589
2010-05-18,0.648643
2010-05-19,0.649419
2010-05-20,0.624031
2010-05-21,0.625388
2010-05-24,0.62345
2010-05-25,0.617248
2010-05-26,0.631589
2010-05-27,0.664923
2010-05-28,0.65969
2010-06-01,0.643023
2010-06-02,0.654845
2010-06-03,0.663953
2010-06-04,0.633333
2010-06-07,0.631589
2010-06-08,0.643217
2010-06-09,0.657946
2010-06-10,0.673837
2010-06-11,0.663372
2010-06-14,0.66531
2010-06-15,0.682752
2010-06-16,0.687791
2010-06-17,0.681008
2010-06-18,0.68624
2010-06-21,0.68469
2010-06-22,0.678295
2010-06-23,0.663566
2010-06-24,0.666473
2010-06-25,0.691085
2010-06-28,0.682364
2010-06-29,0.662209
2010-06-30,0.65814
2010-07-01,0.637016
2010-07-02,0.631783
2010-07-06,0.631977
2010-07-07,0.652132
2010-07-08,0.663372
2010-07-09,0.665504
2010-07-12,0.654651
2010-07-13,0.673256
2010-07-14,0.671705
2010-07-15,0.670155
2010-07-16,0.662016
2010-07-19,0.667829
2010-07-20,0.674806
2010-07-21,0.662791
2010-07-22,0.686434
2010-07-23,0.685853
2010-07-26,0.685078
2010-07-27,0.671899
2010-07-28,0.665892
2010-07-29,0.679457
2010-07-30,0.684884
2010-08-02,0.706977
2010-08-03,0.71531
2010-08-04,0.715116
2010-08-05,0.711434
2010-08-06,0.70155
2010-08-09,0.707946
2010-08-10,0.695155
2010-08-11,0.673256
2010-08-12,0.657364
2010-08-13,0.654845
2010-08-16,0.651357
2010-08-17,0.656395
2010-08-18,0.652713
2010-08-19,0.64438
2010-08-20,0.638566
2010-08-23,0.628488
2010-08-24,0.615698
2010-08-25,0.627326
2010-08-26,0.632171
2010-08-27,0.650581
2010-08-30,0.639923
2010-08-31,0.618605
2010-09-01,0.638566
2010-09-02,0.647093
2010-09-03,0.641279
2010-09-07,0.635078
2010-09-08,0.642248
2010-09-09,0.637403
2010-09-10,0.654457
2010-09-13,0.659496
2010-09-14,0.656783
2010-09-15,0.649031
2010-09-16,0.639147
2010-09-17,0.632752
2010-09-20,0.643798
2010-09-21,0.632752
2010-09-22,0.631395
2010-09-23,0.63314
2010-09-24,0.647287
2010-09-27,0.644186
2010-09-28,0.643217
2010-09-29,0.657752
2010-09-30,0.675194
2010-10-01,0.690504
2010-10-04,0.689729
2010-10-05,0.699419
2010-10-06,0.703101
2010-10-07,0.687209
2010-10-08,0.700581
2010-10-11,0.689922
2010-10-12,0.690892
2010-10-13,0.700775
2010-10-14,0.697674
2010-10-15,0.687403
2010-10-18,0.703101
2010-10-19,0.67093
2010-10-20,0.689729
2010-10-21,0.675388
2010-10-22,0.687791
2010-10-25,0.689341
2010-10-26,0.691473
2010-10-27,0.686434
2010-10-28,0.685853
2010-10-29,0.681589
2010-11-01,0.693992
2010-11-02,0.702907
2010-11-03,0.712016
2010-11-04,0.72655
2010-11-05,0.729651
2010-11-08,0.727326
2010-11-09,0.718023
2010-11-10,0.737209
2010-11-11,0.733333
2010-11-12,0.706783
2010-11-15,0.707364
2010-11-16,0.687016
2010-11-17,0.673062
2010-11-18,0.687985
2010-11-19,0.682558
2010-11-22,0.679264
2010-11-23,0.677326
2010-11-24,0.699225
2010-11-26,0.697093
2010-11-29,0.712791
2010-11-30,0.69845
2010-12-01,0.72093
2010-12-02,0.731977
2010-12-03,0.742442
2010-12-06,0.740698
2010-12-07,0.732558
2010-12-08,0.735659
2010-12-09,0.735271
2010-12-10,0.729845
2010-12-13,0.734302
2010-12-14,0.734496
2010-12-15,0.73624
2010-12-16,0.731977
2010-12-17,0.732752
2010-12-20,0.737403
2010-12-21,0.742054
2010-12-22,0.748837
2010-12-23,0.755426
2010-12-27,0.750194
2010-12-28,0.75407
2010-12-29,0.752326
2010-12-30,0.73876
2010-12-31,0.755814
2011-01-03,0.756783
2011-01-04,0.737985
2011-01-05,0.746512
2011-01-06,0.730233
2011-01-07,0.730039
2011-01-10,0.739729
2011-01-11,0.753488
2011-01-12,0.75562
2011-01-13,0.749031
2011-01-14,0.754264
2011-01-18,0.750581
2011-01-19,0.746899
2011-01-20,0.728101
2011-01-21,0.726938
2011-01-24,0.715698
2011-01-25,0.702907
2011-01-26,0.714147
2011-01-27,0.696512
2011-01-28,0.728295
2011-01-31,0.748256
2011-02-01,0.737791
2011-02-02,0.739923
2011-02-03,0.738178
2011-02-04,0.723643
2011-02-07,0.710465
2011-02-08,0.710078
2011-02-09,0.707364
2011-02-10,0.70814
2011-02-11,0.698643
2011-02-14,0.695349
2011-02-15,0.685853
2011-02-16,0.688566
2011-02-17,0.698837
2011-02-18,0.704651
2011-02-22,0.74593
2011-02-23,0.771318
2011-02-24,0.755233
2011-02-25,0.768992
2011-02-28,0.759496
2011-03-01,0.784496
2011-03-02,0.802132
2011-03-03,0.798062
2011-03-04,0.820349
2011-03-07,0.821124
2011-03-08,0.819961
2011-03-09,0.814922
2011-03-10,0.802326
2011-03-11,0.788566
2011-03-14,0.792829
2011-03-15,0.763372
2011-03-16,0.768992
2011-03-17,0.788566
2011-03-18,0.793992
2011-03-21,0.797093
2011-03-22,0.812597
2011-03-23,0.816085
2011-03-24,0.814922
2011-03-25,0.817442
2011-03-28,0.802713
2011-03-29,0.810659
2011-03-30,0.807364
2011-03-31,0.825581
2011-04-01,0.836628
2011-04-04,0.838372
2011-04-05,0.835271
2011-04-06,0.840504
2011-04-07,0.852519
2011-04-08,0.875
2011-04-11,0.845736
2011-04-12,0.819767
2011-04-13,0.828488
2011-04-14,0.83876
2011-04-15,0.847093
2011-04-18,0.831008
2011-04-19,0.832364
2011-04-20,0.856977
2011-04-21,0.86376
2011-04-25,0.862985
2011-04-26,0.862016
2011-04-27,0.872481
2011-04-28,0.868799
2011-04-29,0.875
2011-05-02,0.870736
2011-05-03,0.854264
2011-05-04,0.838372
2011-05-05,0.762016
2011-05-06,0.753295
2011-05-09,0.792054
2011-05-10,0.796124
2011-05-11,0.762597
2011-05-12,0.76124
2011-05-13,0.764341
2011-05-16,0.746318
2011-05-17,0.747093
2011-05-18,0.765504
2011-05-19,0.757171
2011-05-20,0.764923
2011-05-23,0.745543
2011-05-24,0.76124
2011-05-25,0.773837
2011-05-26,0.767442
2011-05-27,0.769574
2011-05-31,0.784884
2011-06-01,0.765892
2011-06-02,0.768992
2011-06-03,0.768605
2011-06-06,0.755814
2011-06-07,0.756783
2011-06-08,0.772287
2011-06-09,0.777907
2011-06-10,0.757171
2011-06-13,0.741473
2011-06-14,0.757752
2011-06-15,0.728295
2011-06-16,0.725194
2011-06-17,0.709884
2011-06-20,0.711628
2011-06-21,0.712985
2011-06-22,0.718992
2011-06-23,0.697868
2011-06-24,0.693992
2011-06-27,0.690698
2011-06-28,0.705814
2011-06-29,0.721512
2011-06-30,0.721705
2011-07-01,0.719961
2011-07-05,0.735659
2011-07-06,0.734302
2011-07-07,0.748256
2011-07-08,0.732558
2011-07-11,0.722674
2011-07-12,0.735078
2011-07-13,0.743217
2011-07-14,0.727713
2011-07-15,0.738954
2011-07-18,0.728488
2011-07-19,0.741279
2011-07-20,0.744186
2011-07-21,0.750388
2011-07-22,0.754457
2011-07-25,0.749612
2011-07-26,0.752132
2011-07-27,0.735853
2011-07-28,0.73469
2011-07-29,0.725194
2011-08-01,0.72093
2011-08-02,0.705426
2011-08-03,0.694961
2011-08-04,0.653682
2011-08-05,0.657946
2011-08-08,0.610659
2011-08-09,0.612791
2011-08-10,0.615892
2011-08-11,0.645349
2011-08-12,0.643992
2011-08-15,0.663178
2011-08-16,0.65562
2011-08-17,0.659109
2011-08-18,0.614729
2011-08-19,0.622481
2011-08-22,0.634109
2011-08-23,0.647674
2011-08-24,0.641085
2011-08-25,0.638954
2011-08-26,0.642442
2011-08-29,0.65814
2011-08-30,0.667442
2011-08-31,0.668798
2011-09-01,0.668023
2011-09-02,0.651938
2011-09-06,0.650969
2011-09-07,0.672287
2011-09-08,0.667829
2011-09-09,0.656008
2011-09-12,0.667054
2011-09-13,0.675388
2011-09-14,0.665504
2011-09-15,0.670543
2011-09-16,0.661628
2011-09-19,0.645155
2011-09-20,0.647868
2011-09-21,0.637984
2011-09-22,0.603295
2011-09-23,0.602519
2011-09-26,0.609884
2011-09-27,0.627326
2011-09-28,0.60562
2011-09-29,0.619574
2011-09-30,0.590891
2011-10-03,0.576357
2011-10-04,0.579651
2011-10-05,0.597674
2011-10-06,0.619767
2011-10-07,0.62093
2011-10-10,0.644186
2011-10-11,0.639729
2011-10-12,0.637984
2011-10-13,0.632752
2011-10-14,0.656395
2011-10-17,0.647868
2011-10-18,0.661822
2011-10-19,0.645543
2011-10-20,0.64593
2011-10-21,0.656008
2011-10-24,0.685659
2011-10-25,0.693798
2011-10-26,0.679457
2011-10-27,0.701744
2011-10-28,0.698256
2011-10-31,0.692636
2011-11-01,0.682171
2011-11-02,0.691279
2011-11-03,0.703876
2011-11-04,0.706589
2011-11-07,0.718798
2011-11-08,0.725388
2011-11-09,0.717054
2011-11-10,0.731008
2011-11-11,0.740504
2011-11-14,0.733721
2011-11-15,0.744767
2011-11-16,0.762403
2011-11-17,0.740892
2011-11-18,0.732946
2011-11-21,0.728488
2011-11-22,0.732946
2011-11-23,0.720155
2011-11-25,0.720155
2011-11-28,0.733527
2011-11-29,0.747093
2011-11-30,0.75155
2011-12-01,0.748256
2011-12-02,0.756395
2011-12-05,0.756008
2011-12-06,0.755814
2011-12-07,0.752132
2011-12-08,0.732171
2011-12-09,0.746124
2011-12-12,0.734109
2011-12-13,0.748256
2011-12-14,0.710465
2011-12-15,0.700194
2011-12-16,0.702907
2011-12-19,0.70155
2011-12-20,0.727907
2011-12-21,0.738566
2011-12-22,0.74186
2011-12-23,0.74593
2011-12-27,0.756977
2011-12-28,0.743023
2011-12-29,0.74438
2011-12-30,0.738566
2012-01-03,0.769186
2012-01-04,0.770736
2012-01-05,0.759109
2012-01-06,0.760078
2012-01-09,0.757364
2012-01-10,0.762403
2012-01-11,0.754264
2012-01-12,0.737597
2012-01-13,0.739535
2012-01-17,0.751744
2012-01-18,0.752519
2012-01-19,0.749806
2012-01-20,0.732171
2012-01-23,0.743992
2012-01-24,0.738372
2012-01-25,0.743217
2012-01-26,0.743605
2012-01-27,0.742248
2012-01-30,0.736628
2012-01-31,0.732946
2012-02-01,0.724419
2012-02-02,0.719574
2012-02-03,0.728488
2012-02-06,0.72345
2012-02-07,0.735465
2012-02-08,0.737209
2012-02-09,0.74283
2012-02-10,0.736822
2012-02-13,0.749806
2012-02-14,0.752713
2012-02-15,0.759302
2012-02-16,0.76124
2012-02-17,0.770349
2012-02-21,0.786434
2012-02-22,0.786628
2012-02-23,0.801744
2012-02-24,0.814147
2012-02-27,0.798062
2012-02-28,0.790504
2012-02-29,0.793023
2012-03-01,0.809109
2012-03-02,0.790116
2012-03-05,0.793992
2012-03-06,0.777713
2012-03-07,0.787016
2012-03-08,0.791085
2012-03-09,0.796318
2012-03-12,0.78876
2012-03-13,0.791279
2012-03-14,0.78314
2012-03-15,0.78062
2012-03-16,0.795155
2012-03-19,0.800194
2012-03-20,0.783527
2012-03-21,0.787985
2012-03-22,0.777907
2012-03-23,0.788566
2012-03-26,0.790116
2012-03-27,0.788953
2012-03-28,0.778876
2012-03-29,0.761434
2012-03-30,0.760271
2012-04-02,0.775775
2012-04-03,0.768605
2012-04-04,0.752713
2012-04-05,0.760853
2012-04-09,0.755233
2012-04-10,0.746318
2012-04-11,0.756008
2012-04-12,0.764341
2012-04-13,0.758721
2012-04-16,0.759302
2012-04-17,0.768217
2012-04-18,0.756783
2012-04-19,0.755039
2012-04-20,0.763372
2012-04-23,0.756395
2012-04-24,0.759109
2012-04-25,0.76376
2012-04-26,0.766085
2012-04-27,0.767829
2012-04-30,0.768992
2012-05-01,0.778101
2012-05-02,0.773062
2012-05-03,0.752519
2012-05-04,0.722674
2012-05-07,0.718023
2012-05-08,0.714535
2012-05-09,0.707752
2012-05-10,0.709496
2012-05-11,0.702713
2012-05-14,0.690116
2012-05-15,0.683721
2012-05-16,0.679264
2012-05-17,0.67907
2012-05-18,0.667248
2012-05-21,0.681202
2012-05-22,0.668217
2012-05-23,0.660659
2012-05-24,0.663953
2012-05-25,0.663178
2012-05-29,0.663372
2012-05-30,0.639923
2012-05-31,0.631977
2012-06-01,0.609109
2012-06-04,0.615504
2012-06-05,0.615504
2012-06-06,0.623062
2012-06-07,0.614729
2012-06-08,0.616279
2012-06-11,0.594961
2012-06-12,0.608915
2012-06-13,0.602713
2012-06-14,0.614923
2012-06-15,0.612985
2012-06-18,0.606977
2012-06-19,0.613954
2012-06-20,0.590891
2012-06-21,0.57093
2012-06-22,0.583333
2012-06-25,0.577519
2012-06-26,0.577713
2012-06-27,0.585271
2012-06-28,0.571705
2012-06-29,0.61686
2012-07-02,0.609109
2012-07-03,0.638372
2012-07-05,0.632171
2012-07-06,0.612209
2012-07-09,0.62345
2012-07-10,0.610853
2012-07-11,0.62655
2012-07-12,0.624031
2012-07-13,0.633333
2012-07-16,0.64186
2012-07-17,0.646899
2012-07-18,0.652907
2012-07-19,0.671318
2012-07-20,0.662791
2012-07-23,0.639535
2012-07-24,0.642442
2012-07-25,0.643605
2012-07-26,0.647481
2012-07-27,0.652519
2012-07-30,0.648256
2012-07-31,0.633333
2012-08-01,0.642829
2012-08-02,0.631783
2012-08-03,0.660271
2012-08-06,0.667054
2012-08-07,0.67655
2012-08-08,0.675775
2012-08-09,0.676938
2012-08-10,0.675388
2012-08-13,0.671705
2012-08-14,0.676744
2012-08-15,0.681977
2012-08-16,0.689147
2012-08-17,0.696705
2012-08-20,0.69438
2012-08-21,0.697287
2012-08-22,0.701938
2012-08-23,0.693023
2012-08-24,0.691473
2012-08-27,0.690116
2012-08-28,0.693605
2012-08-29,0.685659
2012-08-30,0.683333
2012-08-31,0.695543
2012-09-04,0.688178
2012-09-05,0.689341
2012-09-06,0.682752
2012-09-07,0.695349
2012-09-10,0.694767
2012-09-11,0.699806
2012-09-12,0.69845
2012-09-13,0.707558
2012-09-14,0.713954
2012-09-17,0.692829
2012-09-18,0.689341
2012-09-19,0.66124
2012-09-20,0.668798
2012-09-21,0.668411
2012-09-24,0.660659
2012-09-25,0.65407
2012-09-26,0.646124
2012-09-27,0.661822
2012-09-28,0.66124
2012-10-01,0.66376
2012-10-02,0.659302
2012-10-03,0.631977
2012-10-04,0.657752
2012-10-05,0.646318
2012-10-08,0.643798
2012-10-09,0.662403
2012-10-10,0.655814
2012-10-11,0.664535
2012-10-12,0.658915
2012-10-15,0.658915
2012-10-16,0.661434
2012-10-17,0.660853
2012-10-18,0.660271
2012-10-19,0.646124
2012-10-22,0.637597
2012-10-23,0.619574
2012-10-24,0.612985
2012-10-25,0.615892
2012-10-26,0.616085
2012-10-31,0.615892
2012-11-01,0.621318
2012-11-02,0.607558
2012-11-05,0.612597
2012-11-06,0.631008
2012-11-07,0.604845
2012-11-08,0.606589
2012-11-09,0.614923
2012-11-12,0.612209
2012-11-13,0.608721
2012-11-14,0.615698
2012-11-15,0.610271
2012-11-16,0.618798
2012-11-19,0.63314
2012-11-20,0.619186
2012-11-21,0.622481
2012-11-23,0.626357
2012-11-26,0.623837
2012-11-27,0.619767
2012-11-28,0.616085
2012-11-29,0.62345
2012-11-30,0.631008
2012-12-03,0.631783
2012-12-04,0.627907
2012-12-05,0.624419
2012-12-06,0.613566
2012-12-07,0.611047
2012-12-10,0.608333
2012-12-11,0.609884
2012-12-12,0.615892
2012-12-13,0.612016
2012-12-14,0.616473
2012-12-17,0.620349
2012-12-18,0.623643
2012-12-19,0.63314
2012-12-20,0.634302
2012-12-21,0.627132
2012-12-24,0.624806
2012-12-26,0.642442
2012-12-27,0.643217
2012-12-28,0.64031
2012-12-31,0.646705
2013-01-02,0.655426
2013-01-03,0.653876
2013-01-04,0.656589
2013-01-07,0.657364
2013-01-08,0.65814
2013-01-09,0.656589
2013-01-10,0.662209
2013-01-11,0.660078
2013-01-14,0.664341
2013-01-15,0.658721
2013-01-16,0.664341
2013-01-17,0.671899
2013-01-18,0.673837
2013-01-22,0.678488
2013-01-23,0.670736
2013-01-24,0.673643
2013-01-25,0.674031
2013-01-28,0.677132
2013-01-29,0.683915
2013-01-30,0.687791
2013-01-31,0.683721
2013-02-01,0.685078
2013-02-04,0.674031
2013-02-05,0.678876
2013-02-06,0.67907
2013-02-07,0.672093
2013-02-08,0.672481
2013-02-11,0.68062
2013-02-12,0.683721
2013-02-13,0.681977
2013-02-14,0.683527
2013-02-15,0.672868
2013-02-19,0.677519
2013-02-20,0.662209
2013-02-21,0.647868
2013-02-22,0.651163
2013-02-25,0.643605
2013-02-26,0.64593
2013-02-27,0.647287
2013-02-28,0.640698
2013-03-01,0.634496
2013-03-04,0.627907
2013-03-05,0.633527
2013-03-06,0.63062
2013-03-07,0.638372
2013-03-08,0.640504
2013-03-11,0.64031
2013-03-12,0.644574
2013-03-13,0.643217
2013-03-14,0.647674
2013-03-15,0.651163
2013-03-18,0.652132
2013-03-19,0.640891
2013-03-20,0.648256
2013-03-21,0.640504
2013-03-22,0.651357
2013-03-25,0.656008
2013-03-26,0.667636
2013-03-27,0.669574
2013-03-28,0.67345
2013-04-01,0.672093
2013-04-02,0.671512
2013-04-03,0.654264
2013-04-04,0.647093
2013-04-05,0.644961
2013-04-08,0.649031
2013-04-09,0.651938
2013-04-10,0.65562
2013-04-11,0.64845
2013-04-12,0.630426
2013-04-15,0.610271
2013-04-16,0.615504
2013-04-17,0.600969
2013-04-18,0.613178
2013-04-19,0.608333
2013-04-22,0.616667
2013-04-23,0.617442
2013-04-24,0.632946
2013-04-25,0.64438
2013-04-26,0.64186
2013-04-29,0.651357
2013-04-30,0.642636
2013-05-01,0.627713
2013-05-02,0.649031
2013-05-03,0.659109
2013-05-06,0.661628
2013-05-07,0.659109
2013-05-08,0.666667
2013-05-09,0.662209
2013-05-10,0.661628
2013-05-13,0.656202
2013-05-14,0.650388
2013-05-15,0.651357
2013-05-16,0.656395
2013-05-17,0.662985
2013-05-20,0.667442
2013-05-21,0.661047
2013-05-22,0.64845
2013-05-23,0.65
2013-05-24,0.646705
2013-05-28,0.654845
2013-05-29,0.641473
2013-05-30,0.64438
2013-05-31,0.631977
2013-06-03,0.642636
2013-06-04,0.643411
2013-06-05,0.644574
2013-06-06,0.65155
2013-06-07,0.662016
2013-06-10,0.658915
2013-06-11,0.654845
2013-06-12,0.659496
2013-06-13,0.66531
2013-06-14,0.673256
2013-06-17,0.673643
2013-06-18,0.677519
2013-06-19,0.674031
2013-06-20,0.651744
2013-06-21,0.643992
2013-06-24,0.651938
2013-06-25,0.653876
2013-06-26,0.655039
2013-06-27,0.66531
2013-06-28,0.662403
2013-07-01,0.671899
2013-07-02,0.682364
2013-07-03,0.694574
2013-07-05,0.708527
2013-07-08,0.70562
2013-07-09,0.712597
2013-07-10,0.725388
2013-07-11,0.717248
2013-07-12,0.727907
2013-07-15,0.730039
2013-07-16,0.726357
2013-07-17,0.732558
2013-07-18,0.743023
2013-07-19,0.745155
2013-07-22,0.734884
2013-07-23,0.738178
2013-07-24,0.724806
2013-07-25,0.728295
2013-07-26,0.721124
2013-07-29,0.719574
2013-07-30,0.710659
2013-07-31,0.724031
2013-08-01,0.741667
2013-08-02,0.735271
2013-08-05,0.73314
2013-08-06,0.725969
2013-08-07,0.717248
2013-08-08,0.713954
2013-08-09,0.728488
2013-08-12,0.731783
2013-08-13,0.734496
2013-08-14,0.738178
2013-08-15,0.741085
2013-08-16,0.744186
2013-08-19,0.739729
2013-08-20,0.727132
2013-08-21,0.720349
2013-08-22,0.727519
2013-08-23,0.735465
2013-08-26,0.735659
2013-08-27,0.753295
2013-08-28,0.757364
2013-08-29,0.747674
2013-08-30,0.745736
2013-09-03,0.751163
2013-09-04,0.743023
2013-09-05,0.749806
2013-09-06,0.762791
2013-09-09,0.754651
2013-09-10,0.743023
2013-09-11,0.745736
2013-09-12,0.753295
2013-09-13,0.752907
2013-09-16,0.738566
2013-09-17,0.731395
2013-09-18,0.749612
2013-09-19,0.737985
2013-09-20,0.731977
2013-09-23,0.722287
2013-09-24,0.721318
2013-09-25,0.714729
2013-09-26,0.718605
2013-09-27,0.716279
2013-09-30,0.714147
2013-10-01,0.710853
2013-10-02,0.725194
2013-10-03,0.719767
2013-10-04,0.723062
2013-10-07,0.719767
2013-10-08,0.723062
2013-10-09,0.708333
2013-10-10,0.718992
2013-10-11,0.712209
2013-10-14,0.714535
2013-10-15,0.706783
2013-10-16,0.715504
2013-10-17,0.705039
2013-10-18,0.706395
2013-10-21,0.696512
2013-10-22,0.68624
2013-10-23,0.677326
2013-10-24,0.678101
2013-10-25,0.684496
2013-10-28,0.688953
2013-10-29,0.68624
2013-10-30,0.675388
2013-10-31,0.672287
2013-11-01,0.661434
2013-11-04,0.65969
2013-11-05,0.652519
2013-11-06,0.662597
2013-11-07,0.658333
2013-11-08,0.659109
2013-11-11,0.663953
2013-11-12,0.651938
2013-11-13,0.656977
2013-11-14,0.657558
2013-11-15,0.656589
2013-11-18,0.65155
2013-11-19,0.653488
2013-11-20,0.651744
2013-11-21,0.662209
2013-11-22,0.65969
2013-11-25,0.655426
2013-11-26,0.652907
2013-11-27,0.643217
2013-11-29,0.64845
2013-12-02,0.652713
2013-12-03,0.668798
2013-12-04,0.675969
2013-12-05,0.676938
2013-12-06,0.679264
2013-12-09,0.67655
2013-12-10,0.684302
2013-12-11,0.677907
2013-12-12,0.677713
2013-12-13,0.671318
2013-12-16,0.677132
2013-12-17,0.675775
2013-12-18,0.678876
2013-12-19,0.684496
2013-12-20,0.687597
2013-12-23,0.685271
2013-12-24,0.687791
2013-12-26,0.690892
2013-12-27,0.694574
2013-12-30,0.688566
2013-12-31,0.684496
2014-01-02,0.663372
2014-01-03,0.65407
2014-01-06,0.650581
2014-01-07,0.650775
2014-01-08,0.642636
2014-01-09,0.641085
2014-01-10,0.643217
2014-01-13,0.635853
2014-01-14,0.64031
2014-01-15,0.654457
2014-01-16,0.652132
2014-01-17,0.652907
2014-01-21,0.658721
2014-01-22,0.669767
2014-01-23,0.672868
2014-01-24,0.670155
2014-01-27,0.663372
2014-01-28,0.672287
2014-01-29,0.673062
2014-01-30,0.677326
2014-01-31,0.674419
2014-02-03,0.668992
2014-02-04,0.673256
2014-02-05,0.672674
2014-02-06,0.676357
2014-02-07,0.690698
2014-02-10,0.690504
2014-02-11,0.690698
2014-02-12,0.693798
2014-02-13,0.695155
2014-02-14,0.69593
2014-02-18,0.710465
2014-02-19,0.715116
2014-02-20,0.714729
2014-02-21,0.711047
2014-02-24,0.712985
2014-02-25,0.709109
2014-02-26,0.712209
2014-02-27,0.711047
2014-02-28,0.712016
2014-03-03,0.727132
2014-03-04,0.718217
2014-03-05,0.702326
2014-03-06,0.708721
2014-03-07,0.712791
2014-03-10,0.703488
2014-03-11,0.693992
2014-03-12,0.685078
2014-03-13,0.684884
2014-03-14,0.688566
2014-03-17,0.681202
2014-03-18,0.689535
2014-03-19,0.692054
2014-03-20,0.689535
2014-03-21,0.694574
2014-03-24,0.694186
2014-03-25,0.693217
2014-03-26,0.699419
2014-03-27,0.707364
2014-03-28,0.70969
2014-03-31,0.709109
2014-04-01,0.69438
2014-04-02,0.693798
2014-04-03,0.700388
2014-04-04,0.706008
2014-04-07,0.703101
2014-04-08,0.715116
2014-04-09,0.721318
2014-04-10,0.72093
2014-04-11,0.720543
2014-04-14,0.724419
2014-04-15,0.724612
2014-04-16,0.726357
2014-04-17,0.729845
2014-04-21,0.729457
2014-04-22,0.717054
2014-04-23,0.71531
2014-04-24,0.718023
2014-04-25,0.709302
2014-04-28,0.711434
2014-04-29,0.711628
2014-04-30,0.703876
2014-05-01,0.700775
2014-05-02,0.703295
2014-05-05,0.700388
2014-05-06,0.701357
2014-05-07,0.709302
2014-05-08,0.707171
2014-05-09,0.705426
2014-05-12,0.709109
2014-05-13,0.71783
2014-05-14,0.720543
2014-05-15,0.71783
2014-05-16,0.721512
2014-05-19,0.724419
2014-05-20,0.727132
2014-05-21,0.736047
2014-05-22,0.736628
2014-05-23,0.739923
2014-05-27,0.739147
2014-05-28,0.730233
2014-05-29,0.73469
2014-05-30,0.730233
2014-06-02,0.727326
2014-06-03,0.729457
2014-06-04,0.726938
2014-06-05,0.727713
2014-06-06,0.728876
2014-06-09,0.739923
2014-06-10,0.74186
2014-06-11,0.741279
2014-06-12,0.757364
2014-06-13,0.75814
2014-06-16,0.759109
2014-06-17,0.75562
2014-06-18,0.756008
2014-06-19,0.758333
2014-06-20,0.762016
2014-06-23,0.758915
2014-06-24,0.757558
2014-06-25,0.761434
2014-06-26,0.755233
2014-06-27,0.755426
2014-06-30,0.753488
2014-07-01,0.753101
2014-07-02,0.744186
2014-07-03,0.741279
2014-07-07,0.739729
2014-07-08,0.739923
2014-07-09,0.730426
2014-07-10,0.734496
2014-07-11,0.720155
2014-07-14,0.723256
2014-07-15,0.714729
2014-07-16,0.723062
2014-07-17,0.73314
2014-07-18,0.731008
2014-07-21,0.738372
2014-07-22,0.735465
2014-07-23,0.739535
2014-07-24,0.732946
2014-07-25,0.731977
2014-07-28,0.729457
2014-07-29,0.724612
2014-07-30,0.715504
2014-07-31,0.703876
2014-08-01,0.701357
2014-08-04,0.706977
2014-08-05,0.700775
2014-08-06,0.696705
2014-08-07,0.700775
2014-08-08,0.7
2014-08-11,0.701938
2014-08-12,0.697481
2014-08-13,0.698062
2014-08-14,0.680426
2014-08-15,0.686822
2014-08-18,0.679457
2014-08-19,0.672674
2014-08-20,0.675581
2014-08-21,0.680039
2014-08-22,0.677519
2014-08-25,0.675775
2014-08-26,0.67907
2014-08-27,0.678876
2014-08-28,0.684496
2014-08-29,0.693023
2014-09-02,0.674225
2014-09-03,0.688953
2014-09-04,0.684109
2014-09-05,0.676357
2014-09-08,0.672481
2014-09-09,0.67093
2014-09-10,0.663953
2014-09-11,0.672287
2014-09-12,0.666279
2014-09-15,0.669767
2014-09-16,0.68314
2014-09-17,0.678488
2014-09-18,0.67093
2014-09-19,0.669961
2014-09-22,0.662597
2014-09-23,0.667442
2014-09-24,0.678295
2014-09-25,0.675
2014-09-26,0.681395
2014-09-29,0.688372
2014-09-30,0.66686
2014-10-01,0.661822
2014-10-02,0.666085
2014-10-03,0.654457
2014-10-06,0.65969
2014-10-07,0.648062
2014-10-08,0.639535
2014-10-09,0.622287
2014-10-10,0.623643
2014-10-13,0.619961
2014-10-14,0.597868
2014-10-15,0.59438
2014-10-16,0.602713
2014-10-17,0.60562
2014-10-20,0.603488
2014-10-21,0.606589
2014-10-22,0.592054
2014-10-23,0.601938
2014-10-24,0.59845
2014-10-27,0.593798
2014-10-28,0.597287
2014-10-29,0.605233
2014-10-30,0.596124
2014-10-31,0.593605
2014-11-03,0.576744
2014-11-04,0.567829
2014-11-05,0.580426
2014-11-06,0.573643
2014-11-07,0.576744
2014-11-10,0.568605
2014-11-11,0.570155
2014-11-12,0.564729
2014-11-13,0.548256
2014-11-14,0.558721
2014-11-17,0.555814
2014-11-18,0.546512
2014-11-19,0.547481
2014-11-20,0.556783
2014-11-21,0.563954
2014-11-24,0.556977
2014-11-25,0.543217
2014-11-26,0.540698
2014-11-28,0.495736
2014-12-01,0.510078
2014-12-02,0.495736
2014-12-03,0.495736
2014-12-04,0.491085
2014-12-05,0.483721
2014-12-08,0.463372
2014-12-09,0.468992
2014-12-10,0.451163
2014-12-11,0.439535
2014-12-12,0.425
2014-12-15,0.40814
2014-12-16,0.412791
2014-12-17,0.413566
2014-12-18,0.401938
2014-12-19,0.425581
2014-12-22,0.405426
2014-12-23,0.417829
2014-12-24,0.407946
2014-12-26,0.402713
2014-12-29,0.393411
2014-12-30,0.393217
2014-12-31,0.394574
2015-01-02,0.385465
2015-01-05,0.364147
2015-01-06,0.349806
2015-01-07,0.356008
2015-01-08,0.359496
2015-01-09,0.354264
2015-01-12,0.337403
2015-01-13,0.341473
2015-01-14,0.35407
2015-01-15,0.338178
2015-01-16,0.355233
2015-01-20,0.33876
2015-01-21,0.34438
2015-01-22,0.337403
2015-01-23,0.329457
2015-01-26,0.326938
2015-01-27,0.333527
2015-01-28,0.32093
2015-01-29,0.323256
2015-01-30,0.345349
2015-02-02,0.360853
2015-02-03,0.380233
2015-02-04,0.354264
2015-02-05,0.368798
2015-02-06,0.377326
2015-02-09,0.38314
2015-02-10,0.367054
2015-02-11,0.358721
2015-02-12,0.371705
2015-02-13,0.380233
2015-02-17,0.383527
2015-02-18,0.373256
2015-02-19,0.370155
2015-02-20,0.361434
2015-02-23,0.350969
2015-02-24,0.349612
2015-02-25,0.361434
2015-02-26,0.349419
2015-02-27,0.350775
2015-03-02,0.355039
2015-03-03,0.358333
2015-03-04,0.368411
2015-03-05,0.362597
2015-03-06,0.353488
2015-03-09,0.35562
2015-03-10,0.347093
2015-03-11,0.34438
2015-03-12,0.337985
2015-03-13,0.325581
2015-03-16,0.31686
2015-03-17,0.309302
2015-03-18,0.324806
2015-03-19,0.311628
2015-03-20,0.318411
2015-03-23,0.325194
2015-03-24,0.325388
2015-03-25,0.336434
2015-03-26,0.352907
2015-03-27,0.332171
2015-03-30,0.333915
2015-03-31,0.326357
2015-04-01,0.340698
2015-04-02,0.34031
2015-04-06,0.357171
2015-04-07,0.36938
2015-04-08,0.350194
2015-04-09,0.349419
2015-04-10,0.356783
2015-04-13,0.358527
2015-04-14,0.364729
2015-04-15,0.381977
2015-04-16,0.386434
2015-04-17,0.384496
2015-04-20,0.385465
2015-04-21,0.376938
2015-04-22,0.375194
2015-04-23,0.382946
2015-04-24,0.381202
2015-04-27,0.378295
2015-04-28,0.379845
2015-04-29,0.389923
2015-04-30,0.397481
2015-05-01,0.395349
2015-05-04,0.393023
2015-05-05,0.402326
2015-05-06,0.403488
2015-05-07,0.391473
2015-05-08,0.395736
2015-05-11,0.394961
2015-05-12,0.401938
2015-05-13,0.399419
2015-05-14,0.397868
2015-05-15,0.397674
2015-05-18,0.396124
2015-05-19,0.380426
2015-05-20,0.384496
2015-05-21,0.397287
2015-05-22,0.392442
2015-05-26,0.381589
2015-05-27,0.377519
2015-05-28,0.37907
2015-05-29,0.393605
2015-06-01,0.394574
2015-06-02,0.400775
2015-06-03,0.390891
2015-06-04,0.381008
2015-06-05,0.385659
2015-06-08,0.381977
2015-06-09,0.391667
2015-06-10,0.4
2015-06-11,0.397093
2015-06-12,0.392829
2015-06-15,0.390504
2015-06-16,0.392636
2015-06-17,0.391667
2015-06-18,0.394574
2015-06-19,0.387985
2015-06-22,0.390698
2015-06-23,0.396705
2015-06-24,0.391473
2015-06-25,0.387209
2015-06-26,0.387209
2015-06-29,0.378101
2015-06-30,0.385271
2015-07-01,0.370155
2015-07-02,0.36686
2015-07-06,0.343605
2015-07-07,0.344186
2015-07-08,0.336822
2015-07-09,0.343217
2015-07-10,0.342442
2015-07-13,0.339341
2015-07-14,0.343411
2015-07-15,0.333915
2015-07-16,0.330426
2015-07-17,0.329264
2015-07-20,0.32345
2015-07-21,0.327713
2015-07-22,0.316667
2015-07-23,0.312791
2015-07-24,0.310659
2015-07-27,0.303295
2015-07-28,0.307171
2015-07-29,0.314729
2015-07-30,0.312016
2015-07-31,0.302132
2015-08-03,0.292636
2015-08-04,0.294961
2015-08-05,0.291279
2015-08-06,0.288178
2015-08-07,0.282171
2015-08-10,0.288566
2015-08-11,0.28062
2015-08-12,0.279845
2015-08-13,0.273062
2015-08-14,0.271124
2015-08-17,0.269186
2015-08-18,0.272287
2015-08-19,0.260271
2015-08-20,0.259109
2015-08-21,0.256395
2015-08-24,0.242248
2015-08-25,0.246705
2015-08-26,0.247481
2015-08-27,0.270349
2015-08-28,0.288372
2015-08-31,0.307946
2015-09-01,0.287016
2015-09-02,0.292442
2015-09-03,0.297287
2015-09-04,0.292248
2015-09-08,0.291085
2015-09-09,0.281395
2015-09-10,0.289341
2015-09-11,0.283915
2015-09-14,0.278876
2015-09-15,0.282364
2015-09-16,0.297674
2015-09-17,0.295155
2015-09-18,0.283333
2015-09-21,0.291667
2015-09-22,0.289147
2015-09-23,0.279845
2015-09-24,0.282752
2015-09-25,0.285078
2015-09-28,0.278682
2015-09-29,0.28314
2015-09-30,0.284496
2015-10-01,0.282558
2015-10-02,0.28624
2015-10-05,0.290698
2015-10-06,0.305039
2015-10-07,0.301744
2015-10-08,0.310853
2015-10-09,0.309884
2015-10-12,0.296705
2015-10-13,0.29186
2015-10-14,0.291667
2015-10-15,0.293217
2015-10-16,0.294961
2015-10-19,0.287403
2015-10-20,0.285465
2015-10-21,0.279651
2015-10-22,0.281202
2015-10-23,0.27655
2015-10-26,0.271512
2015-10-27,0.267829
2015-10-28,0.28469
2015-10-29,0.283527
2015-10-30,0.287016
2015-11-02,0.285853
2015-11-03,0.296124
2015-11-04,0.287791
2015-11-05,0.28062
2015-11-06,0.275775
2015-11-09,0.272868
2015-11-10,0.273062
2015-11-11,0.266667
2015-11-12,0.258721
2015-11-13,0.253101
2015-11-16,0.259496
2015-11-17,0.252132
2015-11-18,0.252907
2015-11-19,0.251163
2015-11-20,0.250581
2015-11-23,0.252326
2015-11-24,0.25814
2015-11-25,0.259496
2015-11-27,0.252519
2015-11-30,0.250581
2015-12-01,0.250969
2015-12-02,0.24186
2015-12-03,0.247481
2015-12-04,0.241473
2015-12-07,0.227132
2015-12-08,0.226357
2015-12-09,0.224031
2015-12-10,0.220349
2015-12-11,0.214535
2015-12-14,0.216279
2015-12-15,0.22093
2015-12-16,0.212985
2015-12-17,0.20814
2015-12-18,0.206589
2015-12-21,0.206589
2015-12-22,0.208721
2015-12-23,0.218217
2015-12-24,0.218992
2015-12-28,0.211822
2015-12-29,0.218217
2015-12-30,0.211822
2015-12-31,0.213178
2016-01-04,0.212791
2016-01-05,0.206589
2016-01-06,0.19593
2016-01-07,0.19186
2016-01-08,0.189922
2016-01-11,0.179264
2016-01-12,0.177713
2016-01-13,0.176163
2016-01-14,0.178876
2016-01-15,0.170349
2016-01-19,0.164535
2016-01-20,0.15969
2016-01-21,0.165891
2016-01-22,0.179651
2016-01-25,0.165504
2016-01-26,0.173837
2016-01-27,0.177907
2016-01-28,0.187985
2016-01-29,0.187016
2016-02-01,0.174806
2016-02-02,0.166085
2016-02-03,0.181008
2016-02-04,0.176744
2016-02-05,0.172674
2016-02-08,0.167442
2016-02-09,0.158527
2016-02-10,0.154264
2016-02-11,0.154845
2016-02-12,0.161434
2016-02-16,0.161047
2016-02-17,0.170155
2016-02-18,0.167829
2016-02-19,0.165698
2016-02-22,0.172674
2016-02-23,0.164341
2016-02-24,0.166473
2016-02-25,0.170543
2016-02-26,0.170155
2016-02-29,0.174419
2016-03-01,0.177326
2016-03-02,0.180233
2016-03-03,0.179264
2016-03-04,0.187016
2016-03-07,0.19593
2016-03-08,0.187016
2016-03-09,0.196705
2016-03-10,0.194574
2016-03-11,0.197481
2016-03-14,0.191473
2016-03-15,0.187985
2016-03-16,0.197287
2016-03-17,0.204457
2016-03-18,0.203101
2016-03-21,0.205233
2016-03-22,0.204264
2016-03-23,0.19593
2016-03-24,0.194961
2016-03-28,0.193992
2016-03-29,0.189922
2016-03-30,0.188566
2016-03-31,0.187985
2016-04-01,0.180814
2016-04-04,0.175969
2016-04-05,0.176938
2016-04-06,0.186047
2016-04-07,0.184302
2016-04-08,0.19438
2016-04-11,0.199225
2016-04-12,0.206202
2016-04-13,0.203682
2016-04-14,0.203101
2016-04-15,0.198643
2016-04-18,0.197093
2016-04-19,0.202326
2016-04-20,0.208527
2016-04-21,0.207752
2016-04-22,0.208527
2016-04-25,0.204457
2016-04-26,0.209496
2016-04-27,0.215891
2016-04-28,0.217442
2016-04-29,0.218992
2016-05-02,0.214147
2016-05-03,0.20814
2016-05-04,0.209109
2016-05-05,0.21124
2016-05-06,0.212403
2016-05-09,0.206977
2016-05-10,0.212985
2016-05-11,0.219767
2016-05-12,0.221899
2016-05-13,0.220349
2016-05-16,0.227907
2016-05-17,0.231008
2016-05-18,0.226744
2016-05-19,0.228488
2016-05-20,0.227713
2016-05-23,0.225969
2016-05-24,0.22907
2016-05-25,0.23314
2016-05-26,0.231589
2016-05-27,0.232171
2016-05-31,0.230039
2016-06-01,0.231202
2016-06-02,0.229845
2016-06-03,0.22907
2016-06-06,0.233333
2016-06-07,0.236822
2016-06-08,0.240891
2016-06-09,0.237403
2016-06-10,0.230039
2016-06-13,0.227907
2016-06-14,0.227326
2016-06-15,0.222287
2016-06-16,0.215891
2016-06-17,0.225969
2016-06-20,0.230814
2016-06-21,0.230426
2016-06-22,0.227519
2016-06-23,0.232171
2016-06-24,0.22093
2016-06-27,0.21686
2016-06-28,0.222287
2016-06-29,0.228488
2016-06-30,0.224225
2016-07-01,0.228295
2016-07-05,0.216667
2016-07-06,0.219574
2016-07-07,0.20969
2016-07-08,0.209884
2016-07-11,0.206395
2016-07-12,0.21686
2016-07-13,0.208333
2016-07-14,0.210659
2016-07-15,0.212985
2016-07-18,0.20969
2016-07-19,0.207364
2016-07-20,0.207946
2016-07-21,0.203295
2016-07-22,0.201938
2016-07-25,0.196318
2016-07-26,0.195349
2016-07-27,0.19186
2016-07-28,0.187403
2016-07-29,0.189147
2016-08-01,0.182364
2016-08-02,0.180814
2016-08-03,0.187791
2016-08-04,0.190698
2016-08-05,0.191085
2016-08-08,0.195736
2016-08-09,0.195155
2016-08-10,0.189341
2016-08-11,0.197868
2016-08-12,0.203488
2016-08-15,0.208527
2016-08-16,0.211628
2016-08-17,0.212985
2016-08-18,0.218992
2016-08-19,0.219767
2016-08-22,0.212597
2016-08-23,0.214922
2016-08-24,0.20969
2016-08-25,0.212209
2016-08-26,0.212209
2016-08-29,0.210271
2016-08-30,0.207946
2016-08-31,0.200775
2016-09-01,0.194961
2016-09-02,0.19845
2016-09-06,0.201357
2016-09-07,0.203876
2016-09-08,0.212403
2016-09-09,0.205233
2016-09-12,0.206202
2016-09-13,0.200969
2016-09-14,0.195543
2016-09-15,0.196512
2016-09-16,0.193798
2016-09-19,0.193411
2016-09-20,0.195155
2016-09-21,0.20155
2016-09-22,0.20407
2016-09-23,0.197481
2016-09-26,0.202132
2016-09-27,0.196705
2016-09-28,0.206395
2016-09-29,0.210659
2016-09-30,0.211822
2016-10-03,0.215116
2016-10-04,0.214922
2016-10-05,0.219961
2016-10-06,0.223062
2016-10-07,0.219574
2016-10-10,0.226163
2016-10-11,0.224419
2016-10-12,0.221512
2016-10-13,0.222674
2016-10-14,0.221705
2016-10-17,0.220349
2016-10-18,0.221899
2016-10-19,0.225969
2016-10-20,0.221512
2016-10-21,0.222481
2016-10-24,0.221512
2016-10-25,0.217829
2016-10-26,0.214922
2016-10-27,0.217248
2016-10-28,0.213372
2016-10-31,0.20407
2016-11-01,0.204845
2016-11-02,0.199225
2016-11-03,0.195349
2016-11-04,0.193411
2016-11-07,0.196899
2016-11-08,0.195736
2016-11-09,0.199225
2016-11-10,0.194574
2016-11-11,0.189341
2016-11-14,0.191279
2016-11-15,0.200388
2016-11-16,0.198256
2016-11-17,0.196318
2016-11-18,0.2
2016-11-21,0.208721
2016-11-22,0.206008
2016-11-23,0.206783
2016-11-25,0.200194
2016-11-28,0.202326
2016-11-29,0.194961
2016-11-30,0.211822
2016-12-01,0.219574
2016-12-02,0.222481
2016-12-05,0.219961
2016-12-06,0.218798
2016-12-07,0.214922
2016-12-08,0.219186
2016-12-09,0.221705
2016-12-12,0.225194
2016-12-13,0.227326
2016-12-14,0.21938
2016-12-15,0.220155
2016-12-16,0.223837
2016-12-19,0.222868
2016-12-20,0.225194
2016-12-21,0.221705
2016-12-22,0.222093
2016-12-23,0.224031
2016-12-27,0.227326
2016-12-28,0.227713
2016-12-29,0.227132
2016-12-30,0.227132
2017-01-03,0.221705
2017-01-04,0.224419
2017-01-05,0.226744
2017-01-06,0.226357
2017-01-09,0.219186
2017-01-10,0.214535
2017-01-11,0.220349
2017-01-12,0.223643
2017-01-13,0.221124
2017-01-17,0.221512
2017-01-18,0.216279
2017-01-19,0.216473
2017-01-20,0.220736
2017-01-23,0.21938
2017-01-24,0.220349
2017-01-25,0.219186
2017-01-26,0.22345
2017-01-27,0.22093
2017-01-30,0.218605
2017-01-31,0.21938
2017-02-01,0.222481
2017-02-02,0.223062
2017-02-03,0.223643
2017-02-06,0.220543
2017-02-07,0.21686
2017-02-08,0.217636
2017-02-09,0.219961
2017-02-10,0.222868
2017-02-13,0.21938
2017-02-14,0.220543
2017-02-15,0.220155
2017-02-16,0.221124
2017-02-17,0.220736
2017-02-21,0.223643
2017-02-22,0.220155
2017-02-23,0.22345
2017-02-24,0.222093
2017-02-27,0.222287
2017-02-28,0.221899
2017-03-01,0.22093
2017-03-02,0.216473
2017-03-03,0.218798
2017-03-06,0.218605
2017-03-07,0.218411
2017-03-08,0.206783
2017-03-09,0.20407
2017-03-10,0.199419
2017-03-13,0.199225
2017-03-14,0.197481
2017-03-15,0.201163
2017-03-16,0.200775
2017-03-17,0.200194
2017-03-20,0.199031
2017-03-21,0.19593
2017-03-22,0.196124
2017-03-23,0.193992
2017-03-24,0.195543
2017-03-27,0.194574
2017-03-28,0.196705
2017-03-29,0.200969
2017-03-30,0.204845
2017-03-31,0.206202
2017-04-03,0.204457
2017-04-04,0.207558
2017-04-05,0.206977
2017-04-06,0.210465
2017-04-07,0.212403
2017-04-10,0.215891
2017-04-11,0.216473
2017-04-12,0.21531
2017-04-13,0.215698
2017-04-17,0.214341
2017-04-18,0.213953
2017-04-19,0.205814
2017-04-20,0.204264
2017-04-21,0.2
2017-04-24,0.198643
2017-04-25,0.200775
2017-04-26,0.198837
2017-04-27,0.19845
2017-04-28,0.19845
2017-05-01,0.196705
2017-05-02,0.192248
2017-05-03,0.192442
2017-05-04,0.183333
2017-05-05,0.187209
2017-05-08,0.187403
2017-05-09,0.185465
2017-05-10,0.191085
2017-05-11,0.192636
2017-05-12,0.192829
2017-05-15,0.197093
2017-05-16,0.19593
2017-05-17,0.197481
2017-05-18,0.198837
2017-05-19,0.203101
2017-05-22,0.204264
2017-05-23,0.206202
2017-05-24,0.205426
2017-05-25,0.194574
2017-05-26,0.199225
2017-05-30,0.19845
2017-05-31,0.193023
2017-06-01,0.192054
2017-06-02,0.191085
2017-06-05,0.189922
2017-06-06,0.193217
2017-06-07,0.183333
2017-06-08,0.182752
2017-06-09,0.183915
2017-06-12,0.184496
2017-06-13,0.186047
2017-06-14,0.178876
2017-06-15,0.177907
2017-06-16,0.17907
2017-06-19,0.176744
2017-06-20,0.17345
2017-06-21,0.168798
2017-06-22,0.170155
2017-06-23,0.171705
2017-06-26,0.173062
2017-06-27,0.176357
2017-06-28,0.178295
2017-06-29,0.178488
2017-06-30,0.184109
2017-07-03,0.186434
2017-07-05,0.179264
2017-07-06,0.180426
2017-07-07,0.176357
2017-07-10,0.176938
2017-07-11,0.179651
2017-07-12,0.180814
2017-07-13,0.183527
2017-07-14,0.185853
2017-07-17,0.18314
2017-07-18,0.184884
2017-07-19,0.187791
2017-07-20,0.18624
2017-07-21,0.181008
2017-07-24,0.184109
2017-07-25,0.190116
2017-07-26,0.193023
2017-07-27,0.194961
2017-07-28,0.197093
2017-07-31,0.199225
2017-08-01,0.195543
2017-08-02,0.196512
2017-08-03,0.194186
2017-08-04,0.196318
2017-08-07,0.195736
2017-08-08,0.194961
2017-08-09,0.196705
2017-08-10,0.192054
2017-08-11,0.193605
2017-08-14,0.188372
2017-08-15,0.188953
2017-08-16,0.185465
2017-08-17,0.186434
2017-08-18,0.193217
2017-08-21,0.188178
2017-08-22,0.189341
2017-08-23,0.191473
2017-08-24,0.188178
2017-08-25,0.188953
2017-08-28,0.18469
2017-08-29,0.183333
2017-08-30,0.181783
2017-08-31,0.186628
2017-09-01,0.187403
2017-09-05,0.192248
2017-09-06,0.194574
2017-09-07,0.19438
2017-09-08,0.188566
2017-09-11,0.19031
2017-09-12,0.191279
2017-09-13,0.195155
2017-09-14,0.196318
2017-09-15,0.197674
2017-09-18,0.197093
2017-09-19,0.19593
2017-09-20,0.19845
2017-09-21,0.198643
2017-09-22,0.19845
2017-09-25,0.204457
2017-09-26,0.203295
2017-09-27,0.203876
2017-09-28,0.202132
2017-09-29,0.202132
2017-10-02,0.197868
2017-10-03,0.197287
2017-10-04,0.195349
2017-10-05,0.198643
2017-10-06,0.193217
2017-10-09,0.193798
2017-10-10,0.199225
2017-10-11,0.200775
2017-10-12,0.198256
2017-10-13,0.200969
2017-10-16,0.202713
2017-10-17,0.203295
2017-10-18,0.203101
2017-10-19,0.200581
2017-10-20,0.202132
2017-10-23,0.201938
2017-10-24,0.204264
2017-10-25,0.203101
2017-10-26,0.204845
2017-10-27,0.210078
2017-10-30,0.210659
2017-10-31,0.211822
2017-11-01,0.21124
2017-11-02,0.212985
2017-11-03,0.216667
2017-11-06,0.223062
2017-11-07,0.222674
2017-11-08,0.221124
2017-11-09,0.222093
2017-11-10,0.221318
2017-11-13,0.220543
2017-11-14,0.215698
2017-11-15,0.214922
2017-11-16,0.214535
2017-11-17,0.219961
2017-11-20,0.218605
2017-11-21,0.22093
2017-11-22,0.224806
2017-11-24,0.228488
2017-11-27,0.224612
2017-11-28,0.224419
2017-11-29,0.222287
2017-11-30,0.222287
2017-12-01,0.226163
2017-12-04,0.222674
2017-12-05,0.223643
2017-12-06,0.217054
2017-12-07,0.219574
2017-12-08,0.222674
2017-12-11,0.224806
2017-12-12,0.221705
2017-12-13,0.219574
2017-12-14,0.221512
2017-12-15,0.222093
2017-12-18,0.221705
2017-12-19,0.223062
2017-12-20,0.225
2017-12-21,0.225581
2017-12-22,0.225969
2017-12-26,0.231589
2017-12-27,0.231008
2017-12-28,0.231977
2017-12-29,0.232752
